Workbook

Sheet T1. GHG emissions
A1: Total transport incl. international aviation, excl. international maritime
B2: Source | C2: Unit | D2: 1990 | E2: 2005 | J2: 2010 | O2: 2015 | T2: 2020 | Y2: 2025 | AD2: 2030 | AI2: 2035 | AN2: 2040 | AS2: 2045 | AX2: 2050
A3: Total | B3: EEA GHG data viewer | C3: Mt CO2e | D3: =672.476+54.098 -> 726.574 | E3: =E4+E5+E6+E8+E10+E9 -> 943.47944 | F3: =F4+F5+F6+F8+F10+F9 -> 956.65513 | G3: =G4+G5+G6+G8+G10+G9 -> 969.81743 | H3: =H4+H5+H6+H8+H10+H9 -> 952.31849 | I3: =I4+I5+I6+I8+I10+I9 -> 921.85077 | J3: =J4+J5+J6+J8+J10+J9 -> 918.00703 | K3: =K4+K5+K6+K8+K10+K9 -> 911.07749 | L3: =L4+L5+L6+L8+L10+L9 -> 880.41802 | ... U3: =U4+U5+U6+U8+U10+U9 -> 851.85503 | V3: =(V39+V51)/1000 -> 906.58298
A4: Road - cars and motorcycles | B4: EEA GHG data viewer | C4: Mt CO2e | D4: =(D42+D45)/1000 -> 397.47614 | E4: =(E42+E45)/1000 -> 491.58834 | F4: =(F42+F45)/1000 -> 493.17414 | G4: =(G42+G45)/1000 -> 499.67277 | H4: =(H42+H45)/1000 -> 492.32041 | I4: =(I42+I45)/1000 -> 487.92105 | J4: =(J42+J45)/1000 -> 481.69079 | K4: =(K42+K45)/1000 -> 475.21366 | ... U4: =(U42+U45)/1000 -> 450.25308
A5: Road - HDV and buses | B5: EEA GHG data viewer | C5: Mt CO2e | D5: =(D44/1000) -> 163.10739 | E5: =(E44/1000) -> 212.73026 | F5: =(F44/1000) -> 217.24945 | G5: =(G44/1000) -> 217.80183 | H5: =(H44/1000) -> 211.14004 | I5: =(I44/1000) -> 199.94252 | J5: =(J44/1000) -> 201.98021 | K5: =(K44/1000) -> 201.56149 | ... U5: =(U44/1000) -> 209.37061
A6: Road - Light Duty Trucks | B6: EEA GHG data viewer | C6: Mt CO2e | D6: =D43/1000 -> 59.057762 | E6: =E43/1000 -> 92.042303 | F6: =F43/1000 -> 93.929947 | G6: =G43/1000 -> 96.305671 | H6: =H43/1000 -> 91.879212 | I6: =I43/1000 -> 88.318866 | J6: =J43/1000 -> 87.236198 | K6: =K43/1000 -> 86.850327 | ... U6: =U43/1000 -> 88.121016
A7: Railways, IWW and others | B7: EEA GHG data viewer | C7: Mt CO2e | D7: =D8+D9 -> 41.006573 | E7: =E8+E9 -> 34.29061 | F7: =F8+F9 -> 34.447957 | G7: =G8+G9 -> 33.103105 | H7: =H8+H9 -> 32.856116 | I7: =I8+I9 -> 31.099204 | J7: =J8+J9 -> 30.924361 | K7: =K8+K9 -> 28.990938 | ... U7: =U8+U9 -> 24.53952
A8: - of which Railways, IWW | B8: EEA GHG data viewer | C8: Mt CO2e | D8: =(D47+D48)/1000 -> 34.554406 | E8: =(E47+E48)/1000 -> 25.950326 | F8: =(F47+F48)/1000 -> 26.156568 | G8: =(G47+G48)/1000 -> 25.441668 | H8: =(H47+H48)/1000 -> 24.622828 | I8: =(I47+I48)/1000 -> 23.942443 | J8: =(J47+J48)/1000 -> 24.040785 | K8: =(K47+K48)/1000 -> 22.311976 | ... U8: =(U47+U48)/1000 -> 19.726616
A9: - of which Other | B9: EEA GHG data viewer | C9: Mt CO2e | D9: =(D46+D49)/1000 -> 6.4521664 | E9: =(E46+E49)/1000 -> 8.3402837 | F9: =(F46+F49)/1000 -> 8.291389 | G9: =(G46+G49)/1000 -> 7.6614377 | H9: =(H46+H49)/1000 -> 8.2332884 | I9: =(I46+I49)/1000 -> 7.1567615 | J9: =(J46+J49)/1000 -> 6.8835763 | K9: =(K46+K49)/1000 -> 6.6789616 | ... U9: =(U46+U49)/1000 -> 4.8129047
A10: Aviation | B10: EEA GHG data viewer | C10: Mt CO2e | D10: =D11+D12 -> 65.925432 | E10: =E11+E12 -> 112.82794 | F10: =F11+F12 -> 117.85364 | G10: =G11+G12 -> 122.93405 | H10: =H11+H12 -> 124.12271 | I10: =I11+I12 -> 114.56914 | J10: =J11+J12 -> 116.17547 | K10: =K11+K12 -> 118.46107 | ... U10: =U11+U12 -> 79.570797
A11: - of which domestic | B11: EEA GHG data viewer | C11: Mt CO2e | D11: =D40/1000 -> 11.82771 | E11: =E40/1000 -> 16.734388 | F11: =F40/1000 -> 16.69211 | G11: =G40/1000 -> 17.103987 | H11: =H40/1000 -> 16.728479 | I11: =I40/1000 -> 15.841396 | J11: =J40/1000 -> 15.807764 | K11: =K40/1000 -> 15.624008 | ... U11: =U40/1000 -> 9.816464
A12: - of which international | B12: EEA GHG data viewer | C12: Mt CO2e | D12: =D51/1000 -> 54.097721 | E12: =E51/1000 -> 96.093547 | F12: =F51/1000 -> 101.16153 | G12: =G51/1000 -> 105.83007 | H12: =H51/1000 -> 107.39423 | I12: =I51/1000 -> 98.727741 | J12: =J51/1000 -> 100.3677 | K12: =K51/1000 -> 102.83706 | ... U12: =U51/1000 -> 69.754333
A13: linear trajector to benchmarks | B13: linear trajectory | C13: Mt CO2e | V13: 906.58298 | W13: 880.42261 | X13: 854.26223 | Y13: 828.10186 | Z13: 801.94149 | AA13: 775.78112 | AB13: 749.62074 | AC13: 723.46037 | AD13: 697.3 | AE13: 666.06787 | AF13: 634.83574 | AG13: 603.60361 | AH13: 572.37148 | AI13: 541.13935 | AJ13: 509.90722 | AK13: 478.67509 | AL13: 447.44296 | AM13: 416.21083 | AN13: 384.9787 | AO13: 353.74657 | AP13: 322.51444 | AQ13: 291.28231 | AR13: 260.05018 | AS13: 228.81805 | AT13: 197.58592 | AU13: 166.35379 | AV13: 135.12166 | AW13: 103.88953 | AX13: 72.6574
A14: 2030 benchmark | B14: CTP MIX | C14: Mt CO2e | AD14: =AD61 -> 697.23833
A15: 2050 benchmark | B15: -0.9 | C15: Mt CO2e | AX15: =10%*D3 -> 72.6574
A16: 2040 advice | B16: ESABCC db | C16: Mt CO2e | AD16: =AD77 -> 643.11258 | AN16: =AN77 -> 171.09886 | AX16: =AX77 -> 54.754782
A17: 2040 advice min | AD17: =AD78 -> 643.3353 | AN17: =AN78 -> 172.03549 | AX17: =AX78 -> 54.947529
A19: Average 2005-2022 | E19: =(V3-E3)/17 -> -2.1703802
A20: Average 2017-2021 | E20: =(U3-Q3)/4 -> -24.321975
A21: Average 2018-2022 | B21: calculated | C21: Mt CO2e | E21: =AVERAGE(V3-U3,U3-T3,T3-S3,S3-R3) -> -12.564587
A22: Average 2022-2030 | E22: =(AD13-U3)/9 -> -17.172781
A23: Average 2023-2030 | B23: calculated | C23: Mt CO2e | E23: =W13-V13 -> -26.160372 | F23: =E23/E21 -> 2.0820717
A24: Average 2031-2050 | B24: calculated | C24: Mt CO2e | E24: =(AX15-AD14)/20 -> -31.229047 | F24: =E24/E21 -> 2.4854813
E26: min | F26: max
A27: Average 2031-2040 | E27: =(AN16-AD13)/10 -> -52.620114 | F27: =(AN17-AD13)/10 -> -52.526451
I33: Indicator T1
A37: Historic data
B38: Source | C38: Unit | D38: 1990 | E38: 2005 | J38: 2010 | O38: 2015 | T38: 2020 | V38: 2022 (proxy)
A39: 1.A.3 - Transport | B39: EEA GHG data viewer | C39: kt CO2e | D39: 672475.57 | E39: 847385.9 | F39: 855493.6 | G39: 863987.36 | H39: 844924.26 | I39: 823123.03 | J39: 817639.33 | K39: 808240.43 | L39: 778706.75 | M39: 772714.01 | N39: 778078.28 | O39: 793239.54 | P39: 810749.17 | Q39: 824980.67 | R39: 826483.02 | S39: 832732.96 | T39: 720181.52 | U39: 782100.69 | V39: 803300.64
A40: 1.A.3.a - Domestic Aviation | B40: EEA GHG data viewer | C40: kt CO2e | D40: 11827.71 | E40: 16734.388 | F40: 16692.11 | G40: 17103.987 | H40: 16728.479 | I40: 15841.396 | J40: 15807.764 | K40: 15624.008 | L40: 14479.646 | M40: 13279.927 | N40: 13073.225 | O40: 13151.245 | P40: 13623.167 | Q40: 14002.873 | R40: 14621.706 | S40: 14926.382 | T40: 7922.1448 | U40: 9816.464
A41: 1.A.3.b - Road Transportation | B41: EEA GHG data viewer | C41: kt CO2e | D41: 620042.1 | E41: 796541.58 | F41: 804510.86 | G41: 813944.1 | H41: 795526.18 | I41: 776380.84 | J41: 771043.95 | K41: 763762.11 | L41: 736943.33 | M41: 733289.93 | N41: 741094.33 | O41: 755426.66 | P41: 771808.53 | Q41: 784253.2 | R41: 784407.49 | S41: 789995.45 | T41: 687577.47 | U41: 747866.01
A42: 1.A.3.b.i - Cars | B42: EEA GHG data viewer | C42: kt CO2e | D42: 388860.35 | E42: 480541.42 | F42: 482224.75 | G42: 488774.54 | H42: 480951.23 | I42: 476868.11 | J42: 470814.64 | K42: 464550.59 | L42: 446069.66 | M42: 448657.45 | N42: 458349.51 | O42: 466627.86 | P42: 477579.93 | Q42: 483452.27 | R42: 480336.43 | S42: 483220.25 | T42: 406560.92 | U42: 440486.99
A43: 1.A.3.b.ii - Light duty trucks | B43: EEA GHG data viewer | C43: kt CO2e | D43: 59057.762 | E43: 92042.303 | F43: 93929.947 | G43: 96305.671 | H43: 91879.212 | I43: 88318.866 | J43: 87236.198 | K43: 86850.327 | L43: 83852.261 | M43: 80353.773 | N43: 80458.778 | O43: 82200.361 | P43: 83344.277 | Q43: 84587.236 | R43: 85923.181 | S43: 86143.866 | T43: 77538.642 | U43: 88121.016
A44: 1.A.3.b.iii - Heavy duty trucks and buses | B44: EEA GHG data viewer | C44: kt CO2e | D44: 163107.39 | E44: 212730.26 | F44: 217249.45 | G44: 217801.83 | H44: 211140.04 | I44: 199942.52 | J44: 201980.21 | K44: 201561.49 | L44: 196460.03 | M44: 194031.32 | N44: 191775.93 | O44: 196116.17 | P44: 200624.42 | Q44: 206072.86 | R44: 208220.82 | S44: 210357.03 | T44: 194382.62 | U44: 209370.61
A45: 1.A.3.b.iv - Motorcycles | B45: EEA GHG data viewer | C45: kt CO2e | D45: 8615.7858 | E45: 11046.916 | F45: 10949.383 | G45: 10898.227 | H45: 11369.178 | I45: 11052.937 | J45: 10876.154 | K45: 10663.065 | L45: 10434.277 | M45: 10133.125 | N45: 10417.871 | O45: 10389.465 | P45: 10156.171 | Q45: 10030.518 | R45: 9818.0652 | S45: 10171.737 | T45: 8991.7981 | U45: 9766.083
A46: 1.A.3.b.v - Other Road Transportation | B46: EEA GHG data viewer | C46: kt CO2e | D46: 400.81756 | E46: 180.68381 | F46: 157.3326 | G46: 163.83157 | H46: 186.51477 | I46: 198.40964 | J46: 136.74853 | K46: 136.63439 | L46: 127.10938 | M46: 114.26928 | N46: 92.237862 | O46: 92.800769 | P46: 103.72532 | Q46: 110.31669 | R46: 108.99286 | S46: 102.56368 | T46: 103.48195 | U46: 121.30411
A47: 1.A.3.c - Railways | B47: EEA GHG data viewer | C47: kt CO2e | D47: 12831.588 | E47: 6282.6952 | F47: 6156.4174 | G47: 6401.8181 | H47: 6161.8267 | I47: 5442.4844 | J47: 5426.9685 | K47: 5457.2134 | L47: 5276.0097 | M47: 4953.9103 | N47: 4537.9443 | O47: 4540.9188 | P47: 4409.6432 | Q47: 4337.338 | R47: 4142.6051 | S47: 4107.9693 | T47: 3660.556 | U47: 3751.1541
A48: 1.A.3.d - Domestic Navigation | B48: EEA GHG data viewer | C48: kt CO2e | D48: 21722.819 | E48: 19667.631 | F48: 20000.151 | G48: 19039.85 | H48: 18461.001 | I48: 18499.958 | J48: 18613.817 | K48: 16854.763 | L48: 16063.167 | M48: 14694.89 | N48: 13946.772 | O48: 14695.953 | P48: 15513.018 | Q48: 16469.915 | R48: 17265.787 | S48: 17941.249 | T48: 16386.005 | U48: 15975.462
A49: 1.A.3.e - Other Transportation | B49: EEA GHG data viewer | C49: kt CO2e | D49: 6051.3488 | E49: 8159.5999 | F49: 8134.0564 | G49: 7497.6062 | H49: 8046.7736 | I49: 6958.3519 | J49: 6746.8277 | K49: 6542.3272 | L49: 5944.5944 | M49: 6495.3484 | N49: 5426.0081 | O49: 5424.7606 | P49: 5394.8126 | Q49: 5917.3408 | R49: 6045.4289 | S49: 5761.9124 | T49: 4635.3447 | U49: 4691.6006
A50: 1.D.1 - International Bunkers | B50: EEA GHG data viewer | C50: kt CO2e | D50: 156212.7 | E50: 249811.76 | F50: 265677.07 | G50: 277492.1 | H50: 276883.99 | I50: 249419.89 | J50: 251984.24 | K50: 253275.76 | L50: 241788.07 | M50: 234878.36 | N50: 233174.52 | O50: 237691.85 | P50: 247952.67 | Q50: 258835.31 | R50: 268194.07 | S50: 269573.88 | T50: 177140.82 | U50: 198840.42 | V50: 241025.02
A51: 1.D.1.a - International Aviation | B51: EEA GHG data viewer | C51: kt CO2e | D51: 54097.721 | E51: 96093.547 | F51: 101161.53 | G51: 105830.07 | H51: 107394.23 | I51: 98727.741 | J51: 100367.7 | K51: 102837.06 | L51: 101711.27 | M51: 102661.53 | N51: 104670.25 | O51: 108530.23 | P51: 115073.96 | Q51: 124162.25 | R51: 130358.31 | S51: 132976.69 | T51: 56110.154 | U51: 69754.333 | V51: 103282.34
A52: 1.D.1.b - International Navigation | B52: EEA GHG data viewer | C52: kt CO2e | D52: 102114.97 | E52: 153718.22 | F52: 164515.54 | G52: 171662.04 | H52: 169489.76 | I52: 150692.15 | J52: 151616.54 | K52: 150438.69 | L52: 140076.79 | M52: 132216.84 | N52: 128504.27 | O52: 129161.62 | P52: 132878.71 | Q52: 134673.05 | R52: 137835.76 | S52: 136597.19 | T52: 121030.67 | U52: 129086.09 | V52: 137742.68
A54: Benchmark data
A55: 2030
B56: Source | C56: Unit | D56: 1990 | E56: 2005 | J56: 2010 | O56: 2015 | T56: 2020 | Y56: 2025 | AD56: 2030 | AI56: 2035 | AN56: 2040 | AS56: 2045 | AX56: 2050
A57: Transport excl. bunkers | B57: FF55 MIX | C57: Mt CO2e | E57: 817.93847 | J57: 790.14238 | O57: 766.41071 | T57: 638.30197 | Y57: 691.60555 | AD57: 583.4719
A58: Bunkers | B58: FF55 MIX | C58: Mt CO2e | E58: 245.43538 | J58: 246.43365 | O58: 231.98824 | T58: 153.17917 | Y58: 252.88629 | AD58: 240.46874
A59: of which int. aviation | B59: FF55 MIX | C59: Mt CO2e | E59: 93.30808 | J59: 96.148572 | O59: 105.3512 | T59: 55.650402 | Y59: 117.93163 | AD59: 113.76643
A60: of which int. maritime | B60: FF55 MIX | C60: Mt CO2e | E60: 152.1273 | J60: 150.28508 | O60: 126.63704 | T60: 97.528768 | Y60: 134.95466 | AD60: 126.70231
A61: Total incl aviation, excl. maritime | B61: FF55 MIX | C61: Mt CO2e | E61: =E57+E59 -> 911.24655 | J61: =J57+J59 -> 886.29096 | O61: =O57+O59 -> 871.76191 | T61: =T57+T59 -> 693.95237 | Y61: =Y57+Y59 -> 809.53718 | AD61: =AD57+AD59 -> 697.23833
A63: 2040 advice data
A64: 2030
A65: NZero_bioLim7p5_withICEPhOP | B65: 90-95% range excl bunkers + EC SMSS-based aviation | C65: Mt CO2e | J65: =[1]Transport!U2+J$81 -> 866.25495 | O65: =[1]Transport!Z2+O$81 -> 860.46755 | T65: =[1]Transport!AE2+T$81 -> 792.11819 | Y65: =[1]Transport!AJ2+Y$81 -> 804.84523 | AD65: =[1]Transport!AO2+AD$81 -> 635.45413 | AI65: =[1]Transport!AT2+AI$81 -> 377.39489 | AN65: =[1]Transport!AY2+AN$81 -> 171.46274 | AS65: =[1]Transport!BD2+AS$81 -> 82.098489 | AX65: =[1]Transport!BI2+AX$81 -> 55.033441
A66: def_bioLim7p5_300_withICEPhOP | B66: 90-95% range excl bunkers + EC SMSS-based aviation | C66: Mt CO2e | J66: =[1]Transport!U3+J$81 -> 866.25495 | O66: =[1]Transport!Z3+O$81 -> 860.46755 | T66: =[1]Transport!AE3+T$81 -> 792.11819 | Y66: =[1]Transport!AJ3+Y$81 -> 804.84523 | AD66: =[1]Transport!AO3+AD$81 -> 635.32703 | AI66: =[1]Transport!AT3+AI$81 -> 376.50759 | AN66: =[1]Transport!AY3+AN$81 -> 170.52764 | AS66: =[1]Transport!BD3+AS$81 -> 81.188489 | AX66: =[1]Transport!BI3+AX$81 -> 55.369041
A67: def_bioLim7p5_500_withICEPhOP | B67: 90-95% range excl bunkers + EC SMSS-based aviation | C67: Mt CO2e | J67: =[1]Transport!U4+J$81 -> 866.25495 | O67: =[1]Transport!Z4+O$81 -> 860.46755 | T67: =[1]Transport!AE4+T$81 -> 792.11819 | Y67: =[1]Transport!AJ4+Y$81 -> 804.84523 | AD67: =[1]Transport!AO4+AD$81 -> 634.25033 | AI67: =[1]Transport!AT4+AI$81 -> 372.43179 | AN67: =[1]Transport!AY4+AN$81 -> 166.06354 | AS67: =[1]Transport!BD4+AS$81 -> 77.906089 | AX67: =[1]Transport!BI4+AX$81 -> 52.547241
A68: flex_bioLim7p5_300_withICEPhOP | B68: 90-95% range excl bunkers + EC SMSS-based aviation | C68: Mt CO2e | J68: =[1]Transport!U5+J$81 -> 866.25495 | O68: =[1]Transport!Z5+O$81 -> 860.46755 | T68: =[1]Transport!AE5+T$81 -> 792.11819 | Y68: =[1]Transport!AJ5+Y$81 -> 804.77173 | AD68: =[1]Transport!AO5+AD$81 -> 634.67373 | AI68: =[1]Transport!AT5+AI$81 -> 375.91609 | AN68: =[1]Transport!AY5+AN$81 -> 170.55994 | AS68: =[1]Transport!BD5+AS$81 -> 81.471589 | AX68: =[1]Transport!BI5+AX$81 -> 55.427641
A69: flex_bioLim7p5_500_withICEPhOP | B69: 90-95% range excl bunkers + EC SMSS-based aviation | C69: Mt CO2e | J69: =[1]Transport!U6+J$81 -> 866.25495 | O69: =[1]Transport!Z6+O$81 -> 860.46755 | T69: =[1]Transport!AE6+T$81 -> 792.11819 | Y69: =[1]Transport!AJ6+Y$81 -> 805.53973 | AD69: =[1]Transport!AO6+AD$81 -> 633.52393 | AI69: =[1]Transport!AT6+AI$81 -> 371.98209 | AN69: =[1]Transport!AY6+AN$81 -> 165.59334 | AS69: =[1]Transport!BD6+AS$81 -> 77.619789 | AX69: =[1]Transport!BI6+AX$81 -> 52.457141
A70: rigid_bioLim7p5_500_withICEPhOP | B70: 90-95% range excl bunkers + EC SMSS-based aviation | C70: Mt CO2e | J70: =[1]Transport!U7+J$81 -> 866.25495 | O70: =[1]Transport!Z7+O$81 -> 860.46755 | T70: =[1]Transport!AE7+T$81 -> 792.11819 | Y70: =[1]Transport!AJ7+Y$81 -> 804.84523 | AD70: =[1]Transport!AO7+AD$81 -> 635.45413 | AI70: =[1]Transport!AT7+AI$81 -> 376.09479 | AN70: =[1]Transport!AY7+AN$81 -> 169.08564 | AS70: =[1]Transport!BD7+AS$81 -> 79.258089 | AX70: =[1]Transport!BI7+AX$81 -> 53.437841
A71: Min | B71: 90-95% range excl bunkers + EC SMSS-based aviation | C71: Mt CO2e | J71: =MIN(J65:J70) -> 866.25495 | O71: =MIN(O65:O70) -> 860.46755 | T71: =MIN(T65:T70) -> 792.11819 | Y71: =MIN(Y65:Y70) -> 804.77173 | AD71: =MIN(AD65:AD70) -> 633.52393 | AI71: =MIN(AI65:AI70) -> 371.98209 | AN71: =MIN(AN65:AN70) -> 165.59334 | AS71: =MIN(AS65:AS70) -> 77.619789 | AX71: =MIN(AX65:AX70) -> 52.457141
A72: Max | B72: 90-95% range excl bunkers + EC SMSS-based aviation | C72: Mt CO2e | J72: =MAX(J65:J70) -> 866.25495 | O72: =MAX(O65:O70) -> 860.46755 | T72: =MAX(T65:T70) -> 792.11819 | Y72: =MAX(Y65:Y70) -> 805.53973 | AD72: =MAX(AD65:AD70) -> 635.45413 | AI72: =MAX(AI65:AI70) -> 377.39489 | AN72: =MAX(AN65:AN70) -> 171.46274 | AS72: =MAX(AS65:AS70) -> 82.098489 | AX72: =MAX(AX65:AX70) -> 55.427641
A73: Median | B73: 90-95% range excl bunkers + EC SMSS-based aviation | C73: Mt CO2e | J73: =MEDIAN(J65:J70) -> 866.25495 | O73: =MEDIAN(O65:O70) -> 860.46755 | T73: =MEDIAN(T65:T70) -> 792.11819 | Y73: =MEDIAN(Y65:Y70) -> 804.84523 | AD73: =MEDIAN(AD65:AD70) -> 635.00038 | AI73: =MEDIAN(AI65:AI70) -> 376.00544 | AN73: =MEDIAN(AN65:AN70) -> 169.80664 | AS73: =MEDIAN(AS65:AS70) -> 80.223289 | AX73: =MEDIAN(AX65:AX70) -> 54.235641
A75: Min | B75: calibrated to inventory in 2015 | O75: =O71/$O71*($O$57+$O$59) -> 871.76191 | T75: =T71/$O71*($O$57+$O$59) -> 802.51541 | Y75: =Y71/$O71*($O$57+$O$59) -> 815.33504 | AD75: =AD71/$O71*($O$57+$O$59) -> 641.83947 | AI75: =AI71/$O71*($O$57+$O$59) -> 376.86467 | AN75: =AN71/$O71*($O$57+$O$59) -> 167.76689 | AS75: =AS71/$O71*($O$57+$O$59) -> 78.638614 | AX75: =AX71/$O71*($O$57+$O$59) -> 53.145685
A76: Max | B76: calibrated to inventory in 2015 | O76: =O72/$O72*($O$57+$O$59) -> 871.76191 | T76: =T72/$O72*($O$57+$O$59) -> 802.51541 | Y76: =Y72/$O72*($O$57+$O$59) -> 816.11312 | AD76: =AD72/$O72*($O$57+$O$59) -> 643.79501 | AI76: =AI72/$O72*($O$57+$O$59) -> 382.34851 | AN76: =AN72/$O72*($O$57+$O$59) -> 173.71333 | AS76: =AS72/$O72*($O$57+$O$59) -> 83.176101 | AX76: =AX72/$O72*($O$57+$O$59) -> 56.155175
A77: 90-95% average | B77: calibrated to inventory in 2015 | O77: =AVERAGE(O65:O70)/AVERAGE($O65:$O70)*($O$57+$O$59) -> 871.76191 | T77: =AVERAGE(T65:T70)/AVERAGE($O65:$O70)*($O$57+$O$59) -> 802.51541 | Y77: =AVERAGE(Y65:Y70)/AVERAGE($O65:$O70)*($O$57+$O$59) -> 815.51436 | AD77: =AVERAGE(AD65:AD70)/AVERAGE($O65:$O70)*($O$57+$O$59) -> 643.11258 | AI77: =AVERAGE(AI65:AI70)/AVERAGE($O65:$O70)*($O$57+$O$59) -> 379.97744 | AN77: =AVERAGE(AN65:AN70)/AVERAGE($O65:$O70)*($O$57+$O$59) -> 171.09886 | AS77: =AVERAGE(AS65:AS70)/AVERAGE($O65:$O70)*($O$57+$O$59) -> 80.972822 | AX77: =AVERAGE(AX65:AX70)/AVERAGE($O65:$O70)*($O$57+$O$59) -> 54.754782
A78: Median 90-95% | O78: =O73/$O73*($O$57+$O$59) -> 871.76191 | T78: =T73/$O73*($O$57+$O$59) -> 802.51541 | Y78: =Y73/$O73*($O$57+$O$59) -> 815.4095 | AD78: =AD73/$O73*($O$57+$O$59) -> 643.3353 | AI78: =AI73/$O73*($O$57+$O$59) -> 380.94083 | AN78: =AN73/$O73*($O$57+$O$59) -> 172.03549 | AS78: =AS73/$O73*($O$57+$O$59) -> 81.276287 | AX78: =AX73/$O73*($O$57+$O$59) -> 54.947529
A80: Bunker estimates - used in 2040 advice (from sustainable & smart mobility strategy) | J80: 2010 | K80: 2011 | L80: 2012 | M80: 2013 | N80: 2014 | O80: 2015 | P80: 2016 | Q80: 2017 | R80: 2018 | S80: 2019 | T80: 2020 | U80: 2021 | V80: 2022 | W80: 2023 | X80: 2024 | Y80: 2025 | Z80: 2026 | AA80: 2027 | AB80: 2028 | AC80: 2029 | AD80: 2030 | AE80: 2031 | AF80: 2032 | AG80: 2033 | AH80: 2034 | AI80: 2035 | AJ80: 2036 | AK80: 2037 | AL80: 2038 | AM80: 2039 | AN80: 2040 | AO80: 2041 | AP80: 2042 | AQ80: 2043 | AR80: 2044 | AS80: 2045 | AT80: 2046 | AU80: 2047 | AV80: 2048 | AW80: 2049 | AX80: 2050
B81: international aviation (intra-EU + extra) | J81: 100.38705 | K81: 103.08034 | L81: 101.77524 | M81: 102.65763 | N81: 104.76979 | O81: 108.69555 | P81: 115.16205 | Q81: 124.08144 | R81: 130.25986 | S81: 132.95763 | T81: 55.879292 | U81: 130.45329 | V81: 127.94896 | W81: 125.44463 | X81: 122.9403 | Y81: 117.93163 | Z81: 117.09859 | AA81: 116.26555 | AB81: 115.43251 | AC81: 114.59947 | AD81: 113.76643 | AE81: 110.0651 | AF81: 106.36377 | AG81: 102.66244 | AH81: 98.961115 | AI81: 95.259786 | AJ81: 91.558456 | AK81: 87.857126 | AL81: 84.155797 | AM81: 80.454467 | AN81: 76.753137 | AO81: 73.051808 | AP81: 69.350478 | AQ81: 65.649148 | AR81: 61.947819 | AS81: 58.246489 | AT81: 54.545159 | AU81: 50.84383 | AV81: 47.1425 | AW81: 43.44117 | AX81: 39.739841
B82: international shipping (intra-EU + extra) | J82: 150.31971 | K82: 150.86387 | L82: 139.70715 | M82: 131.50657 | N82: 127.84124 | O82: 129.80019 | P82: 133.67972 | Q82: 136.00716 | R82: 138.62661 | S82: 137.50533 | T82: 122.52839 | U82: 137.08777 | V82: 136.67022 | W82: 136.25266 | X82: 135.83511 | Y82: 135 | Z82: 133.34 | AA82: 131.68 | AB82: 130.02 | AC82: 128.36 | AD82: 126.7 | AE82: 121.25146 | AF82: 115.80292 | AG82: 110.35438 | AH82: 104.90584 | AI82: 99.457296 | AJ82: 94.008756 | AK82: 88.560215 | AL82: 83.111674 | AM82: 77.663134 | AN82: 72.214593 | AO82: 66.766052 | AP82: 61.317511 | AQ82: 55.868971 | AR82: 50.42043 | AS82: 44.971889 | AT82: 39.523349 | AU82: 34.074808 | AV82: 28.626267 | AW82: 23.177726 | AX82: 17.729186
A84: % reductions: 2050 vs 2020 | B84: min | C84: max
A85: 2040 | B85: =AN76/T76-1 -> -0.78353895 | C85: =AN75/T75-1 -> -0.7909487
A86: 2050 | B86: =AX76/T76-1 -> -0.93002605 | C86: =AX75/T75-1 -> -0.93377612
A87: % reductions vs 1990
B88: min | C88: max
A89: 2040 | B89: =AN76/D3-1 -> -0.76091447 | C89: =AN75/D3-1 -> -0.76909869
A90: 2050 | B90: =AX77/D3-1 -> -0.92463977 | C90: =AX76/D3-1 -> -0.92271238

Sheet T2a. total demand passenger
A1: graph feed (excl. IWW and maritime)
B2: Source | C2: Unit | I2: 2010 | S2: 2020 | AC2: 2030 | AM2: 2040 | AW2: 2050
A3: Total | B3: Eurostat Statistical Pocketbook 2022 | C3: Gpkm | D3: =D4+D5+D6+D7 -> 5225.9 | E3: =E4+E5+E6+E7 -> 5287.1 | F3: =F4+F5+F6+F7 -> 5360.8 | G3: =G4+G5+G6+G7 -> 5389.9 | H3: =H4+H5+H6+H7 -> 5410.6 | I3: =I4+I5+I6+I7 -> 5388.2 | J3: =J4+J5+J6+J7 -> 5400.6 | K3: =K4+K5+K6+K7 -> 5346.8 | ... S3: =S4+S5+S6+S7 -> 4435.8
A4: cars and 2-wheels | B4: Eurostat Statistical Pocketbook 2022 | C4: Gpkm | D4: =D23+D24 -> 3953.8 | E4: =E23+E24 -> 3988.9 | F4: =F23+F24 -> 4030.9 | G4: =G23+G24 -> 4046.1 | H4: =H23+H24 -> 4121.2 | I4: =I23+I24 -> 4089.7 | J4: =J23+J24 -> 4061.3 | K4: =K23+K24 -> 4013.6 | ... S4: =S23+S24 -> 3683.1
A5: buses and coaches | B5: Eurostat Statistical Pocketbook 2022 | C5: Gpkm | D5: =D25 -> 497.8 | E5: =E25 -> 497.8 | F5: =F25 -> 507.9 | G5: =G25 -> 514.1 | H5: =H25 -> 489.7 | I5: =I25 -> 482.2 | J5: =J25 -> 485.6 | K5: =K25 -> 481.6 | ... S5: =S25 -> 293.6
A6: rail | B6: Eurostat Statistical Pocketbook 2022 | C6: Gpkm | D6: =D26+D28 -> 413 | E6: =E26+E28 -> 424 | F6: =F26+F28 -> 429.8 | G6: =G26+G28 -> 445.9 | H6: =H26+H28 -> 437.9 | I6: =I26+I28 -> 439 | J6: =J26+J28 -> 445.2 | K6: =K26+K28 -> 449.5 | ... S6: =S26+S28 -> 281.2
A7: aviation | B7: Eurostat Statistical Pocketbook 2022 | C7: Gpkm | D7: =D29 -> 361.3 | E7: =E29 -> 376.4 | F7: =F29 -> 392.2 | G7: =G29 -> 383.8 | H7: =H29 -> 361.8 | I7: =I29 -> 377.3 | J7: =J29 -> 408.5 | K7: =K29 -> 402.1 | ... S7: =S29 -> 177.9
A8: 2030 benchmark | B8: CTP-MIX | C8: Gpkm | AC8: =AC42-AC48 -> 6448
A9: 2050 benchmark (min) | B9: 1.5TECH | C9: Gpkm | AW9: =AW69 -> 6656.2999
A10: 2050 benchmark (max) | B10: 1.5LIFE | C10: Gpkm | AW10: =AW61 -> 6783.9753
A11: linear trajectory to benchmark | C11: Gpkm | R11: 5992.2 | S11: 6033.6364 | T11: 6075.0727 | U11: 6116.5091 | V11: 6157.9455 | W11: 6199.3818 | X11: 6240.8182 | Y11: 6282.2545 | Z11: 6323.6909 | AA11: 6365.1273 | AB11: 6406.5636 | AC11: 6448 | AD11: 6458.415 | AE11: 6468.83 | AF11: 6479.245 | AG11: 6489.66 | AH11: 6500.075 | AI11: 6510.49 | AJ11: 6520.905 | AK11: 6531.32 | AL11: 6541.735 | AM11: 6552.15 | AN11: 6562.565 | AO11: 6572.98 | AP11: 6583.3949 | AQ11: 6593.8099 | AR11: 6604.2249 | AS11: 6614.6399 | AT11: 6625.0549 | AU11: 6635.4699 | AV11: 6645.8849 | AW11: 6656.2999
A12: linear trajectory to benchmark 2 | C12: Gpkm | AC12: 6448 | AD12: 6464.7988 | AE12: 6481.5975 | AF12: 6498.3963 | AG12: 6515.1951 | AH12: 6531.9938 | AI12: 6548.7926 | AJ12: 6565.5913 | AK12: 6582.3901 | AL12: 6599.1889 | AM12: 6615.9876 | AN12: 6632.7864 | AO12: 6649.5852 | AP12: 6666.3839 | AQ12: 6683.1827 | AR12: 6699.9815 | AS12: 6716.7802 | AT12: 6733.579 | AU12: 6750.3777 | AV12: 6767.1765 | AW12: 6783.9753
A14: Change 2015-2019 | D14: =AVERAGE(R3-Q3,Q3-P3,P3-O3,O3-N3) -> 91.7
A15: Change 2019-2030 | D15: =(AC8-R3)/11 -> 41.436364 | E15: =D14/D15 -> 2.213032
A16: Change 2031-2050 1 | D16: =(AW9-AC8)/20 -> 10.414996 | E16: =D14/D16 -> 8.8046122
A17: Change 2031-2050 2 | D17: =(AW10-AC8)/20 -> 16.798763 | E17: =D14/D17 -> 5.4587351
A20: Raw historic data
A21: Passenger travel | X21: Indicator T2a
B22: Source | C22: Unit | D22: 2005 | E22: 2006 | F22: 2007 | G22: 2008 | H22: 2009 | I22: 2010 | J22: 2011 | K22: 2012 | L22: 2013 | M22: 2014 | N22: 2015 | O22: 2016 | P22: 2017 | Q22: 2018 | R22: 2019 | S22: 2020
A23: Passenger Cars | B23: Eurostat Statistical Pocketbook 2022 | C23: Gpkm | D23: 3839.2 | E23: 3875.3 | F23: 3921.3 | G23: 3931.6 | H23: 4009.2 | I23: 3975.9 | J23: 3943.6 | K23: 3898.5 | L23: 3957.2 | M23: 4012.5 | N23: 4101 | O23: 4185 | P23: 4228.5 | Q23: 4257 | R23: 4299.9 | S23: 3583
A24: Powered 2-wheelers | B24: Eurostat Statistical Pocketbook 2022 | C24: Gpkm | D24: 114.6 | E24: 113.6 | F24: 109.6 | G24: 114.5 | H24: 112 | I24: 113.8 | J24: 117.7 | K24: 115.1 | L24: 114.7 | M24: 117.4 | N24: 117.4 | O24: 118.7 | P24: 112.2 | Q24: 106.8 | R24: 111.3 | S24: 100.1
A25: Buses & Coaches | B25: Eurostat Statistical Pocketbook 2022 | C25: Gpkm | D25: 497.8 | E25: 497.8 | F25: 507.9 | G25: 514.1 | H25: 489.7 | I25: 482.2 | J25: 485.6 | K25: 481.6 | L25: 480.5 | M25: 476.2 | N25: 493.4 | O25: 498.3 | P25: 479 | Q25: 484.1 | R25: 487.5 | S25: 293.6
A26: Railways | B26: Eurostat Statistical Pocketbook 2022 | C26: Gpkm | D26: 339.8 | E26: 349.4 | F26: 353.4 | G26: 366.6 | H26: 359.3 | I26: 358.3 | J26: 364.1 | K26: 367.3 | L26: 371.8 | M26: 376.3 | N26: 381.6 | O26: 386.5 | P26: 400.8 | Q26: 407.3 | R26: 420.9 | S26: 227.3
A27: - of which highspeed rail | B27: Eurostat Statistical Pocketbook 2022 | C27: Gpkm | D27: 79.663 | E27: 83.411 | F27: 87.303 | G27: 96.61 | H27: 103.086 | I27: 104.85538 | J27: 103.69534 | K27: 105.43988 | L27: 107.30405 | M27: 106.3797 | N27: 109.9236 | O27: 114.3155 | P27: 124.23454 | Q27: 126.07479 | R27: 132.00774 | S27: 69.372916
A28: Tram & Metro | B28: Eurostat Statistical Pocketbook 2022 | C28: Gpkm | D28: 73.2 | E28: 74.6 | F28: 76.4 | G28: 79.3 | H28: 78.6 | I28: 80.7 | J28: 81.1 | K28: 82.2 | L28: 82 | M28: 82.2 | N28: 80.2 | O28: 82.6 | P28: 84.3 | Q28: 86.9 | R28: 87.1 | S28: 53.9
A29: Air | B29: Eurostat Statistical Pocketbook 2022 | C29: Gpkm | D29: 361.3 | E29: 376.4 | F29: 392.2 | G29: 383.8 | H29: 361.8 | I29: 377.3 | J29: 408.5 | K29: 402.1 | L29: 406 | M29: 425.6 | N29: 451.8 | O29: 492.6 | P29: 538.4 | Q29: 571.8 | R29: 585.5 | S29: 177.9
A30: Sea | B30: Eurostat Statistical Pocketbook 2022 | C30: Gpkm | D30: 21.3 | E30: 21.4 | F30: 21.3 | G30: 21.9 | H30: 22.4 | I30: 22.5 | J30: 20 | K30: 18.5 | L30: 19.3 | M30: 19.4 | N30: 19.4 | O30: 18.4 | P30: 19.7 | Q30: 20.8 | R30: 21.1 | S30: 10.3
A31: IWW | B31: Eurostat Statistical Pocketbook 2022 | C31: Gpkm
A32: Total | B32: Eurostat Statistical Pocketbook 2022 | C32: Gpkm | D32: 5247.2 | E32: 5308.4 | F32: 5381.9 | G32: 5411.8 | H32: 5433.1 | I32: 5410.6 | J32: 5420.7 | K32: 5365.3 | L32: 5431.6 | M32: 5509.7 | N32: 5644.8 | O32: 5782 | P32: 5862.9 | Q32: 5934.7 | R32: 6013.3 | S32: 4446
A33: Total excluding air, sea | B33: Eurostat Statistical Pocketbook 2022 | C33: Gpkm | D33: =D32-D30-D29 -> 4864.6 | E33: =E32-E30-E29 -> 4910.6 | F33: =F32-F30-F29 -> 4968.4 | G33: =G32-G30-G29 -> 5006.1 | H33: =H32-H30-H29 -> 5048.9 | I33: =I32-I30-I29 -> 5010.8 | J33: =J32-J30-J29 -> 4992.2 | K33: =K32-K30-K29 -> 4944.7 | ... S33: =S32-S30-S29 -> 4257.8
A40: 2030 decarbonisation scenarios
B41: Source | C41: Unit | D41: 2005 | I41: 2010 | S41: 2020 | AC41: 2030 | AM41: 2040 | AW41: 2050
A42: Passenger transport activity (Gpkm) | B42: FF55 - MIX scenario | C42: Gpkm | D42: 5277 | I42: 5453 | N42: 5618 | S42: 4498 | X42: 6088 | AC42: 6487
A43: Buses and coaches | B43: FF55 - MIX scenario | C43: Gpkm | D43: 498 | I43: 484 | N43: 487 | S43: 313 | X43: 473 | AC43: 542
A44: Passenger cars | B44: FF55 - MIX scenario | C44: Gpkm | D44: 3841 | I44: 3981 | N44: 4057 | S44: 3548 | X44: 4354 | AC44: 4533
A45: Powered two-wheelers | B45: FF55 - MIX scenario | C45: Gpkm | D45: 115 | I45: 115 | N45: 120 | S45: 100 | X45: 123 | AC45: 129
A46: Rail | B46: FF55 - MIX scenario | C46: Gpkm | D46: 417 | I46: 444 | N46: 471 | S46: 275 | X46: 532 | AC46: 633
A47: Intra-EU aviation | B47: FF55 - MIX scenario | C47: Gpkm | D47: 373 | I47: 398 | N47: 450 | S47: 244 | X47: 571 | AC47: 612
A48: Inland waterways and domestic maritime | B48: FF55 - MIX scenario | C48: Gpkm | D48: 32 | I48: 31 | N48: 34 | S48: 19 | X48: 36 | AC48: 39
A50: 2050 decarbonization scenarios
A51: Baseline
B52: Source | C52: Unit | D52: rate 2015-2030 | E52: rate 2030-2050 | N52: 2015 | S52: 2020 | X52: 2025 | AC52: 2030 | AH52: 2035 | AM52: 2040 | AR52: 2045 | AW52: 2050
A53: Total (excl. IWW) | N53: =N54+N55+N56+N57 -> 5151.4 | O53: =O54+O55+O56+O57 -> 5201.2508 | P53: =P54+P55+P56+P57 -> 5251.7538 | Q53: =Q54+Q55+Q56+Q57 -> 5302.9201 | R53: =R54+R55+R56+R57 -> 5354.7614 | S53: =S54+S55+S56+S57 -> 5407.2892 | T53: =T54+T55+T56+T57 -> 5460.5156 | U53: =U54+U55+U56+U57 -> 5514.4527 | ... AV53: =AV54+AV55+AV56+AV57 -> 6923.2998 | AW53: =AW54+AW55+AW56 -> 6952.5176
A54: Road | B54: ACP4A In-depth analysis fig 45 | C54: Gpkm | D54: 0.007 | E54: 0.006 | N54: =N23+N24 -> 4218.4 | O54: =N54*(1+$D54) -> 4247.9288 | P54: =O54*(1+$D54) -> 4277.6643 | Q54: =P54*(1+$D54) -> 4307.608 | R54: =Q54*(1+$D54) -> 4337.7612 | S54: =R54*(1+$D54) -> 4368.1255 | T54: =S54*(1+$D54) -> 4398.7024 | U54: =T54*(1+$D54) -> 4429.4933 | V54: =U54*(1+$D54) -> 4460.4998 | ... AC54: =AB54*(1+$D54) -> 4683.7081 | AD54: =AC54*(1+$E54) -> 4711.8103 | AE54: =AD54*(1+$E54) -> 4740.0812 | AF54: =AE54*(1+$E54) -> 4768.5217 | AG54: =AF54*(1+$E54) -> 4797.1328 | AH54: =AG54*(1+$E54) -> 4825.9156 | AI54: =AH54*(1+$E54) -> 4854.8711 | AJ54: =AI54*(1+$E54) -> 4884.0003 | AK54: =AJ54*(1+$E54) -> 4913.3043 | ... AW54: =AV54*(1+$E54) -> 5278.9729
A55: Rail | B55: ACP4A In-depth analysis fig 45 | C55: Gpkm | D55: 0.021 | E55: 0.012 | N55: =N26+N28 -> 461.8 | O55: =N55*(1+$D55) -> 471.4978 | P55: =O55*(1+$D55) -> 481.39925 | Q55: =P55*(1+$D55) -> 491.50864 | R55: =Q55*(1+$D55) -> 501.83032 | S55: =R55*(1+$D55) -> 512.36876 | T55: =S55*(1+$D55) -> 523.1285 | U55: =T55*(1+$D55) -> 534.1142 | V55: =U55*(1+$D55) -> 545.3306 | ... AC55: =AB55*(1+$D55) -> 630.72502 | AD55: =AC55*(1+$E55) -> 638.29372 | AE55: =AD55*(1+$E55) -> 645.95325 | AF55: =AE55*(1+$E55) -> 653.70468 | AG55: =AF55*(1+$E55) -> 661.54914 | AH55: =AG55*(1+$E55) -> 669.48773 | AI55: =AH55*(1+$E55) -> 677.52158 | AJ55: =AI55*(1+$E55) -> 685.65184 | AK55: =AJ55*(1+$E55) -> 693.87966 | ... AW55: =AV55*(1+$E55) -> 800.66401
A56: Aviation | B56: ACP4A In-depth analysis fig 45 | C56: Gpkm | D56: 0.023 | E56: 0.016 | N56: =N29 -> 451.8 | O56: =N56*(1+$D56) -> 462.1914 | P56: =O56*(1+$D56) -> 472.8218 | Q56: =P56*(1+$D56) -> 483.6967 | R56: =Q56*(1+$D56) -> 494.82173 | S56: =R56*(1+$D56) -> 506.20263 | T56: =S56*(1+$D56) -> 517.84529 | U56: =T56*(1+$D56) -> 529.75573 | V56: =U56*(1+$D56) -> 541.94011 | ... AC56: =AB56*(1+$D56) -> 635.44905 | AD56: =AC56*(1+$E56) -> 645.61623 | AE56: =AD56*(1+$E56) -> 655.94609 | AF56: =AE56*(1+$E56) -> 666.44123 | AG56: =AF56*(1+$E56) -> 677.10429 | AH56: =AG56*(1+$E56) -> 687.93796 | AI56: =AH56*(1+$E56) -> 698.94496 | AJ56: =AI56*(1+$E56) -> 710.12808 | AK56: =AJ56*(1+$E56) -> 721.49013 | ... AW56: =AV56*(1+$E56) -> 872.8807
A57: Inland navigation | B57: ACP4A In-depth analysis fig 45 | C57: Gpkm | D57: 0.012 | E57: 0.005 | N57: =N30 -> 19.4 | O57: =N57*(1+$D57) -> 19.6328 | P57: =O57*(1+$D57) -> 19.868394 | Q57: =P57*(1+$D57) -> 20.106814 | R57: =Q57*(1+$D57) -> 20.348096 | S57: =R57*(1+$D57) -> 20.592273 | T57: =S57*(1+$D57) -> 20.839381 | U57: =T57*(1+$D57) -> 21.089453 | V57: =U57*(1+$D57) -> 21.342527 | ... AC57: =AB57*(1+$D57) -> 23.201145 | AD57: =AC57*(1+$E57) -> 23.317151 | AE57: =AD57*(1+$E57) -> 23.433736 | AF57: =AE57*(1+$E57) -> 23.550905 | AG57: =AF57*(1+$E57) -> 23.66866 | AH57: =AG57*(1+$E57) -> 23.787003 | AI57: =AH57*(1+$E57) -> 23.905938 | AJ57: =AI57*(1+$E57) -> 24.025468 | AK57: =AJ57*(1+$E57) -> 24.145595 | ... AW57: =AV57*(1+$E57) -> 25.634842
A59: 1,5TECH
B60: Source | C60: Unit | D60: 2050 difference to baseline | N60: 2015 | AW60: 2050
A61: Total (excl. IWW) | C61: Gpkm | AW61: =AW62+AW63+AW64 -> 6783.9753
A62: Road | B62: ACP4A In-depth analysis fig 45 | C62: Gpkm | D62: -0.03 | AW62: =AW54*(1+D62) -> 5120.6037
A63: Rail | B63: ACP4A In-depth analysis fig 45 | C63: Gpkm | D63: 0.02 | AW63: =AW55*(1+D63) -> 816.6773
A64: Aviation | B64: ACP4A In-depth analysis fig 45 | C64: Gpkm | D64: -0.03 | AW64: =AW56*(1+D64) -> 846.69428
A65: Inland navigation | B65: ACP4A In-depth analysis fig 45 | C65: Gpkm | D65: 0.03 | AW65: =AW57*(1+D65) -> 26.403888
A67: 1,5LIFE
B68: Source | C68: Unit | D68: 2050 difference to baseline | N68: 2015 | AW68: 2050
A69: Total (excl. IWW) | C69: Gpkm | AW69: =AW70+AW71+AW72 -> 6656.2999
A70: Road | B70: ACP4A In-depth analysis fig 45 | C70: Gpkm | D70: -0.04 | AW70: =AW54*(1+D70) -> 5067.814
A71: Rail | B71: ACP4A In-depth analysis fig 45 | C71: Gpkm | D71: 0.09 | AW71: =AW55*(1+D71) -> 872.72378
A72: Aviation | B72: ACP4A In-depth analysis fig 45 | C72: Gpkm | D72: -0.18 | AW72: =AW56*(1+D72) -> 715.76217
A73: Inland navigation | B73: ACP4A In-depth analysis fig 45 | C73: Gpkm | D73: 0.07 | AW73: =AW57*(1+D73) -> 27.429281
L74: (

Sheet T2b. total demand freight
A1: graph feed (excl. IWW and maritime)
B2: Source | C2: Unit | I2: 2010 | S2: 2020 | AC2: 2030 | AM2: 2040 | AW2: 2050
A3: Total | B3: Eurostat Statistical Pocketbook 2022 | C3: Gtkm | D3: =D4+D5+D6 -> 2121.362 | E3: =E4+E5+E6 -> 2193.4576 | F3: =F4+F5+F6 -> 2273.77 | G3: =G4+G5+G6 -> 2245.0506 | H3: =H4+H5+H6 -> 1992.2916 | I3: =I4+I5+I6 -> 2088.6125 | J3: =J4+J5+J6 -> 2084.5782 | K3: =K4+K5+K6 -> 2016.7014 | ... S3: =S4+S5+S6 -> 2254.034
A4: Road | B4: Eurostat Statistical Pocketbook 2022 | C4: Gtkm | D4: =D44 -> 1588.1541 | E4: =E44 -> 1638.7946 | F4: =F44 -> 1697.644 | G4: =G44 -> 1676.4616 | H4: =H44 -> 1515.3166 | I4: =I44 -> 1558.2925 | J4: =J44 -> 1541.6312 | K4: =K44 -> 1481.6904 | ... S4: =S44 -> 1744.986
A5: Rail | B5: Eurostat Statistical Pocketbook 2022 | C5: Gtkm | D5: =D46 -> 394.597 | E5: =E46 -> 416.246 | F5: =F46 -> 430.724 | G5: =G46 -> 421.686 | H5: =H46 -> 344.369 | I5: =I46 -> 374.955 | J5: =J46 -> 401.122 | K5: =K46 -> 385.189 | ... S5: =S46 -> 377.307
A6: IWW | B6: Eurostat Statistical Pocketbook 2022 | C6: Gtkm | D6: =D47 -> 138.61097 | E6: =E47 -> 138.41697 | F6: =F47 -> 145.402 | G6: =G47 -> 146.903 | H6: =H47 -> 132.606 | I6: =I47 -> 155.365 | J6: =J47 -> 141.825 | K6: =K47 -> 149.822 | ... S6: =S47 -> 131.741
A7: 2030 benchmark | B7: CTP-MIX | C7: Gtkm | AC7: =AC55 -> 2815.5077
A8: 2050 benchmark (min) | B8: 1.5TECH | C8: Gtkm | AW8: =AW71 -> 3183.8632
A9: 2050 benchmark (max) | B9: 1.5LIFE | C9: Gtkm | AW9: =AW78 -> 3198.5454
A10: linear trajectory to benchmark | C10: Gtkm | R10: 2312.405 | S10: 2358.1416 | T10: 2403.8782 | U10: 2449.6148 | V10: 2495.3514 | W10: 2541.088 | X10: 2586.8246 | Y10: 2632.5612 | Z10: 2678.2978 | AA10: 2724.0344 | AB10: 2769.7711 | AC10: 2815.5077 | AD10: 2833.9254 | AE10: 2852.3432 | AF10: 2870.761 | AG10: 2889.1788 | AH10: 2907.5966 | AI10: 2926.0143 | AJ10: 2944.4321 | AK10: 2962.8499 | AL10: 2981.2677 | AM10: 2999.6855 | AN10: 3018.1032 | AO10: 3036.521 | AP10: 3054.9388 | AQ10: 3073.3566 | AR10: 3091.7743 | AS10: 3110.1921 | AT10: 3128.6099 | AU10: 3147.0277 | AV10: 3165.4455 | AW10: 3183.8632
A11: linear trajectory to benchmark 2 | C11: Gtkm | AC11: 2815.5077 | AD11: 2834.6595 | AE11: 2853.8114 | AF11: 2872.9633 | AG11: 2892.1152 | AH11: 2911.2671 | AI11: 2930.419 | AJ11: 2949.5709 | AK11: 2968.7228 | AL11: 2987.8746 | AM11: 3007.0265 | AN11: 3026.1784 | AO11: 3045.3303 | AP11: 3064.4822 | AQ11: 3083.6341 | AR11: 3102.786 | AS11: 3121.9379 | AT11: 3141.0898 | AU11: 3160.2416 | AV11: 3179.3935 | AW11: 3198.5454
A13: Change 2015-2019 | D13: =AVERAGE(R3-Q3,Q3-P3,P3-O3,O3-N3) -> 51.137329
A14: Change 2019-2030 | D14: =(AC7-R3)/11 -> 45.736605 | E14: =D13/D14 -> 1.1180832
A15: Change 2031-2050 1 | D15: =(AW8-AC7)/20 -> 18.417779 | E15: =D13/D15 -> 2.7765198
A16: Change 2031-2050 2 | D16: =(AW9-AC7)/20 -> 19.151888 | E16: =D13/D16 -> 2.6700934
A18: Indicator T2b
A41: Raw historic data
A42: Passenger travel
B43: Source | C43: Unit | D43: 2005 | E43: 2006 | F43: 2007 | G43: 2008 | H43: 2009 | I43: 2010 | J43: 2011 | K43: 2012 | L43: 2013 | M43: 2014 | N43: 2015 | O43: 2016 | P43: 2017 | Q43: 2018 | R43: 2019 | S43: 2020
A44: Road | B44: Eurostat Statistical Pocketbook 2022 | C44: Gtkm | D44: 1588.1541 | E44: 1638.7946 | F44: 1697.644 | G44: 1676.4616 | H44: 1515.3166 | I44: 1558.2925 | J44: 1541.6312 | K44: 1481.6904 | L44: 1516.364 | M44: 1527.4346 | N44: 1561.9877 | O44: 1619.7477 | P44: 1707.3139 | Q44: 1707.496 | R44: 1764.787 | S44: 1744.986
A45: Sea | B45: Eurostat Statistical Pocketbook 2022 | C45: Gtkm | D45: 844.47159 | E45: 842.96923 | F45: 842.92936 | G45: 841.12354 | H45: 769.75739 | I45: 834.10071 | J45: 850.14406 | K45: 838.42273 | L45: 850.98289 | M45: 875.11991 | N45: 870.77097 | O45: 909.32038 | P45: 916.98869 | Q45: 976.97412 | R45: 979.07616 | S45: 924.28547
A46: Rail | B46: Eurostat Statistical Pocketbook 2022 | C46: Gtkm | D46: 394.597 | E46: 416.246 | F46: 430.724 | G46: 421.686 | H46: 344.369 | I46: 374.955 | J46: 401.122 | K46: 385.189 | L46: 384.319 | M46: 388.932 | N46: 398.517 | O46: 407.458 | P46: 411.278 | Q46: 418.314 | R46: 407.921 | S46: 377.307
A47: Inland Waterway | B47: Eurostat Statistical Pocketbook 2022 | C47: Gtkm | D47: 138.61097 | E47: 138.41697 | F47: 145.402 | G47: 146.903 | H47: 132.606 | I47: 155.365 | J47: 141.825 | K47: 149.822 | L47: 152.584 | M47: 150.707 | N47: 147.351 | O47: 146.609 | P47: 147.22333 | Q47: 131.30278 | R47: 139.697 | S47: 131.741
A48: Oil Pipeline | B48: Eurostat Statistical Pocketbook 2022 | C48: Gtkm | D48: 126.8085 | E48: 125.78925 | F48: 118.22249 | G48: 114.76497 | H48: 111.63421 | I48: 110.96845 | J48: 108.27032 | K48: 104.98251 | L48: 102.08348 | M48: 101.08569 | N48: 104.14977 | O48: 104.69674 | P48: 104.0207 | Q48: 104.11186 | R48: 101.00952 | S48: 91.725138
A49: Air | B49: Eurostat Statistical Pocketbook 2022 | C49: Gtkm | D49: 1.8295109 | E49: 1.8862399 | F49: 1.9500601 | G49: 1.9093615 | H49: 1.8066758 | I49: 1.8374579 | J49: 1.8527511 | K49: 1.8226663 | L49: 1.8346995 | M49: 2.1144168 | N49: 2.1423488 | O49: 2.1499893 | P49: 2.1719835 | Q49: 2.2161326 | R49: 2.3225078 | S49: 2.0623148
A50: Total | B50: Eurostat Statistical Pocketbook 2022 | C50: Gtkm | D50: 3094.4716 | E50: 3164.1023 | F50: 3236.8719 | G50: 3202.8485 | H50: 2875.4899 | I50: 3035.5191 | J50: 3044.8453 | K50: 2961.9293 | L50: 3008.1681 | M50: 3045.3936 | N50: 3084.9188 | O50: 3189.9818 | P50: 3288.9966 | Q50: 3340.4149 | R50: 3394.8132 | S50: 3272.1069
A52: 2030 decarbonisation scenarios
B53: Source | C53: Unit | D53: 2005 | I53: 2010 | S53: 2020 | AC53: 2030 | AM53: 2040 | AW53: 2050
A54: Total | B54: CTP MIX | C54: Gtkm | D54: 2362 | I54: 2320 | N54: 2314 | S54: 2377 | X54: 2750 | AC54: 2999
A55: Total excl. domestic maritime | B55: own calculation | C55: Gtkm | D55: =D56+D57+D59 -> 2210.611 | I55: =I56+I57+I59 -> 2175.365 | N55: =N56+N57+N59 -> 2171.351 | S55: =S56+S57+S59 -> 2242.2213 | X55: =X56+X57+X59 -> 2588.1672 | AC55: =AC56+AC57+AC59 -> 2815.5077
A56: Heavy goods and light commercial vehicles | B56: CTP MIX | C56: Gtkm | D56: 1677 | I56: 1645 | N56: 1628 | S56: 1721 | X56: 1945 | AC56: 2027
A57: Rail | B57: CTP MIX | C57: Gtkm | D57: 395 | I57: 375 | N57: 396 | S57: 382 | X57: 476 | AC57: 600
A58: Inland waterways and domestic maritime | B58: CTP MIX | C58: Gtkm | D58: 291 | I58: 301 | N58: 290 | S58: 274 | X58: 329 | AC58: 371
A59: IWW only | B59: own calculation | C59: Gtkm | D59: =D58/$D$58*$D$47 -> 138.61097 | I59: =I58/I58*I6 -> 155.365 | N59: =N58/$N$58*$N$6 -> 147.351 | S59: =S58/$N$58*$N$6 -> 139.22129 | X59: =X58/$N$58*$N$6 -> 167.16717 | AC59: =AC58/$N$58*$N$6 -> 188.50766
A61: 2050 decarbonization scenarios
A62: Baseline
B63: Source | C63: Unit | D63: rate 2015-2030 | E63: rate 2030-2050 | N63: 2015 | S63: 2020 | X63: 2025 | AC63: 2030 | AH63: 2035 | AM63: 2040 | AR63: 2045 | AW63: 2050
A64: Total | N64: =N65+N66+N67 -> 2107.8557 | O64: =O65+O66+O67 -> 2143.7534 | P64: =P65+P66+P67 -> 2180.2942 | Q64: =Q65+Q66+Q67 -> 2217.4903 | R64: =R65+R66+R67 -> 2255.3543 | S64: =S65+S66+S67 -> 2293.8987 | T64: =T65+T66+T67 -> 2333.1367 | U64: =U65+U66+U67 -> 2373.0814 | ... AW64: =AW65+AW66+AW67 -> 3255.6775
A65: Road | B65: ACP4A In-depth analysis fig 46 | C65: Gtkm | D65: 0.015 | E65: 0.008 | N65: =N44 -> 1561.9877 | O65: =N65*(1+$D65) -> 1585.4175 | P65: =O65*(1+$D65) -> 1609.1988 | Q65: =P65*(1+$D65) -> 1633.3367 | R65: =Q65*(1+$D65) -> 1657.8368 | S65: =R65*(1+$D65) -> 1682.7043 | T65: =S65*(1+$D65) -> 1707.9449 | U65: =T65*(1+$D65) -> 1733.5641 | V65: =U65*(1+$D65) -> 1759.5675 | ... AC65: =AB65*(1+$D65) -> 1952.8471 | AD65: =AC65*(1+$E65) -> 1968.4699 | AE65: =AD65*(1+$E65) -> 1984.2176 | AF65: =AE65*(1+$E65) -> 2000.0914 | AG65: =AF65*(1+$E65) -> 2016.0921 | AH65: =AG65*(1+$E65) -> 2032.2208 | AI65: =AH65*(1+$E65) -> 2048.4786 | AJ65: =AI65*(1+$E65) -> 2064.8664 | AK65: =AJ65*(1+$E65) -> 2081.3854 | ... AW65: =AV65*(1+$E65) -> 2290.2288
A66: Rail | B66: ACP4A In-depth analysis fig 46 | C66: Gtkm | D66: 0.025 | E66: 0.013 | N66: =N46 -> 398.517 | O66: =N66*(1+$D66) -> 408.47993 | P66: =O66*(1+$D66) -> 418.69192 | Q66: =P66*(1+$D66) -> 429.15922 | R66: =Q66*(1+$D66) -> 439.8882 | S66: =R66*(1+$D66) -> 450.88541 | T66: =S66*(1+$D66) -> 462.15754 | U66: =T66*(1+$D66) -> 473.71148 | V66: =U66*(1+$D66) -> 485.55427 | ... AC66: =AB66*(1+$D66) -> 577.17144 | AD66: =AC66*(1+$E66) -> 584.67467 | AE66: =AD66*(1+$E66) -> 592.27544 | AF66: =AE66*(1+$E66) -> 599.97502 | AG66: =AF66*(1+$E66) -> 607.7747 | AH66: =AG66*(1+$E66) -> 615.67577 | AI66: =AH66*(1+$E66) -> 623.67955 | AJ66: =AI66*(1+$E66) -> 631.78739 | AK66: =AJ66*(1+$E66) -> 640.00062 | ... AW66: =AV66*(1+$E66) -> 747.29786
A67: IWW | B67: ACP4A In-depth analysis fig 46 | C67: Gtkm | D67: 0.017 | E67: 0.007 | N67: =N47 -> 147.351 | O67: =N67*(1+$D67) -> 149.85597 | P67: =O67*(1+$D67) -> 152.40352 | Q67: =P67*(1+$D67) -> 154.99438 | R67: =Q67*(1+$D67) -> 157.62928 | S67: =R67*(1+$D67) -> 160.30898 | T67: =S67*(1+$D67) -> 163.03423 | U67: =T67*(1+$D67) -> 165.80582 | V67: =U67*(1+$D67) -> 168.62451 | ... AC67: =AB67*(1+$D67) -> 189.74371 | AD67: =AC67*(1+$E67) -> 191.07191 | AE67: =AD67*(1+$E67) -> 192.40942 | AF67: =AE67*(1+$E67) -> 193.75628 | AG67: =AF67*(1+$E67) -> 195.11258 | AH67: =AG67*(1+$E67) -> 196.47836 | AI67: =AH67*(1+$E67) -> 197.85371 | AJ67: =AI67*(1+$E67) -> 199.23869 | AK67: =AJ67*(1+$E67) -> 200.63336 | ... AW67: =AV67*(1+$E67) -> 218.15079
A69: 1,5TECH
B70: Source | C70: Unit | D70: 2050 difference to baseline | N70: 2015 | AW70: 2050
A71: Total | AW71: =AW72+AW73+AW74 -> 3183.8632
A72: Road | B72: ACP4A In-depth analysis fig 46 | C72: Gtkm | D72: -0.048 | AW72: =AW65*(1+D72) -> 2180.2979
A73: Rail | B73: ACP4A In-depth analysis fig 46 | C73: Gtkm | D73: 0.044 | AW73: =AW66*(1+D73) -> 780.17897
A74: IWW | B74: ACP4A In-depth analysis fig 46 | C74: Gtkm | D74: 0.024 | AW74: =AW67*(1+D74) -> 223.38641
A76: 1,5LIFE
B77: Source | C77: Unit | D77: 2050 difference to baseline | N77: 2015 | AW77: 2050
A78: Total | AW78: =AW79+AW80+AW81 -> 3198.5454
A79: Road | B79: ACP4A In-depth analysis fig 46 | C79: Gtkm | D79: -0.062 | AW79: =AW65*(1+D79) -> 2148.2347
A80: Rail | B80: ACP4A In-depth analysis fig 46 | C80: Gtkm | D80: 0.094 | AW80: =AW66*(1+D80) -> 817.54386
A81: IWW | B81: ACP4A In-depth analysis fig 46 | C81: Gtkm | D81: 0.067 | AW81: =AW67*(1+D81) -> 232.76689

Sheet T3a & T3c modal split
A1: Figure 1
B2: Source | C2: Unit | D2: 2005 | I2: 2010 | N2: 2015 | S2: 2020 | X2: 2025 | AC2: 2030 | AH2: 2035 | AM2: 2040 | AR2: 2045 | AW2: 2050
A3: Passenger (cars and two-wheelers) | B3: Eurostat Statistical Pocketbook 2022 | C3: % | D3: ='T3b. modal split passenger'!D3 -> 0.81276981 | E3: ='T3b. modal split passenger'!E3 -> 0.81228745 | F3: ='T3b. modal split passenger'!F3 -> 0.81127481 | G3: ='T3b. modal split passenger'!G3 -> 0.80823395 | H3: ='T3b. modal split passenger'!H3 -> 0.81627317 | I3: ='T3b. modal split passenger'!I3 -> 0.81616077 | J3: ='T3b. modal split passenger'!J3 -> 0.8135454 | K3: ='T3b. modal split passenger'!K3 -> 0.81169737 | ... S3: ='T3b. modal split passenger'!S3 -> 0.86500388
A4: Freight (vans and lorries) | B4: ='3. modal split freight'!B3 -> Eurostat Statistical Pocketbook 2022 | C4: ='3. modal split freight'!C3 -> % | D4: ='3. modal split freight'!D3 -> 0.74864829 | E4: ='3. modal split freight'!E3 -> 0.74712847 | F4: ='3. modal split freight'!F3 -> 0.74662081 | G4: ='3. modal split freight'!G3 -> 0.74673667 | H4: ='3. modal split freight'!H3 -> 0.76058976 | I4: ='3. modal split freight'!I3 -> 0.74608981 | ... S4: ='3. modal split freight'!S3 -> 0.77416135
A5: Benchmark passenger | B5: CTP-MIX | C5: % | AC5: =('T2a. total demand passenger'!AC44+'T2a. total demand passenger'!AC45)/SUM('T2a. total demand passenger'!AC43:AC46) -> 0.79869796 | AW5: ='T3b. modal split passenger'!AW6 -> 0.76704735
A6: Benchmark Freight | B6: CTP-MIX | C6: % | AC6: ='3. modal split freight'!AC6 -> 0.71994121 | AW6: ='3. modal split freight'!AW6 -> 0.67162862
A7: linear trajectory passenger | S7: 0.86500388 | T7: 0.85838697 | U7: 0.85177006 | V7: 0.84515316 | W7: 0.83853625 | X7: 0.83191935 | Y7: 0.82530244 | Z7: 0.81868554 | AA7: 0.81206863 | AB7: 0.80545172 | AC7: 0.79883482 | AD7: 0.79724545 | AE7: 0.79565607 | AF7: 0.7940667 | AG7: 0.79247733 | AH7: 0.79088795 | AI7: 0.78929858 | AJ7: 0.78770921 | AK7: 0.78611983 | AL7: 0.78453046 | AM7: 0.78294109 | AN7: 0.78135171 | AO7: 0.77976234 | AP7: 0.77817297 | AQ7: 0.77658359 | AR7: 0.77499422 | AS7: 0.77340485 | AT7: 0.77181547 | AU7: 0.7702261 | AV7: 0.76863673 | AW7: 0.76704735
A8: linear trajectory freight | S8: 0.77416135 | T8: 0.76873933 | U8: 0.76331732 | V8: 0.75789531 | W8: 0.75247329 | X8: 0.74705128 | Y8: 0.74162927 | Z8: 0.73620725 | AA8: 0.73078524 | AB8: 0.72536323 | AC8: 0.71994121 | AD8: 0.71752558 | AE8: 0.71510995 | AF8: 0.71269433 | AG8: 0.7102787 | AH8: 0.70786307 | AI8: 0.70544744 | AJ8: 0.70303181 | AK8: 0.70061618 | AL8: 0.69820055 | AM8: 0.69578492 | AN8: 0.69336929 | AO8: 0.69095366 | AP8: 0.68853803 | AQ8: 0.6861224 | AR8: 0.68370677 | AS8: 0.68129114 | AT8: 0.67887551 | AU8: 0.67645988 | AV8: 0.67404425 | AW8: 0.67162862
D9: Indicator T3a
A24: Figure 2
B25: Source | C25: Unit | D25: 2005 | I25: 2010 | N25: 2015 | S25: 2020 | X25: 2025 | AC25: 2030 | AH25: 2035 | AM25: 2040 | AR25: 2045 | AW25: 2050 | AY25: Average 2015-2019 | AZ25: Average until 2030 | BA25: Average 2031-2050
A26: HSR (passenger) | B26: Eurostat Statistical Pocketbook 2022 | C26: % | D26: ='T3b. modal split passenger'!D72 -> 79.663 | E26: ='T3b. modal split passenger'!E72 -> 83.411 | F26: ='T3b. modal split passenger'!F72 -> 87.303 | G26: ='T3b. modal split passenger'!G72 -> 96.61 | H26: ='T3b. modal split passenger'!H72 -> 103.086 | I26: ='T3b. modal split passenger'!I72 -> 104.85538 | J26: ='T3b. modal split passenger'!J72 -> 103.69534 | K26: ='T3b. modal split passenger'!K72 -> 105.43988 | ... S26: ='T3b. modal split passenger'!S72 -> 69.372916 | AY26: =AVERAGE(R26-Q26,Q26-P26,P26-O26,O26-N26) -> 5.521035 | AZ26: =X32-W32 -> 7.9854055 | BA26: =AQ32-AP32 -> 5.49618
A27: Rail (freight) | B27: ='3. modal split freight'!B26 -> 0 | C27: ='3. modal split freight'!C26 -> 0 | D27: ='3. modal split freight'!D31 -> 394.597 | E27: ='3. modal split freight'!E31 -> 416.246 | F27: ='3. modal split freight'!F31 -> 430.724 | G27: ='3. modal split freight'!G31 -> 421.686 | H27: ='3. modal split freight'!H31 -> 344.369 | I27: ='3. modal split freight'!I31 -> 374.955 | J27: ='3. modal split freight'!J31 -> 401.122 | K27: ='3. modal split freight'!K31 -> 385.189 | ... S27: ='3. modal split freight'!S31 -> 377.307 | AY27: =AVERAGE(R27-Q27,Q27-P27,P27-O27,O27-N27) -> 2.351 | AZ27: =X33-W33 -> 17.2595 | BA27: =AQ33-AP33 -> 9.962925
A28: IWW (freight) | B28: CTP-MIX | C28: % | D28: ='3. modal split freight'!D42 -> 138.61097 | E28: ='3. modal split freight'!E42 -> 138.41697 | F28: ='3. modal split freight'!F42 -> 145.402 | G28: ='3. modal split freight'!G42 -> 146.903 | H28: ='3. modal split freight'!H42 -> 132.606 | I28: ='3. modal split freight'!I42 -> 155.365 | J28: ='3. modal split freight'!J42 -> 141.825 | K28: ='3. modal split freight'!K42 -> 149.822 | ... S28: ='3. modal split freight'!S42 -> 131.741 | AY28: =AVERAGE(R28-Q28,Q28-P28,P28-O28,O28-N28) -> -1.9135 | AZ28: =X34-W34 -> 4.0447045 | BA28: =AQ34-AP34 -> 1.8418875
A29: HSR (passenger) benchmark | B29: CTP-MIX | C29: % | AC29: =2*N26 -> 219.8472 | AW29: =3*N26 -> 329.7708
A30: Rail (freight) benchmark | AC30: =1.5*N27 -> 597.7755 | AW30: =2*N27 -> 797.034
A31: IWW (freight) benchmark | AC31: =1.25*N28 -> 184.18875 | AW31: =1.5*N28 -> 221.0265
A32: linear trajectory to benchmark | R32: 132.00774 | S32: 139.99315 | T32: 147.97855 | U32: 155.96396 | V32: 163.94936 | W32: 171.93477 | X32: 179.92017 | Y32: 187.90558 | Z32: 195.89098 | AA32: 203.87639 | AB32: 211.86179 | AC32: 219.8472 | AD32: 225.34338 | AE32: 230.83956 | AF32: 236.33574 | AG32: 241.83192 | AH32: 247.3281 | AI32: 252.82428 | AJ32: 258.32046 | AK32: 263.81664 | AL32: 269.31282 | AM32: 274.809 | AN32: 280.30518 | AO32: 285.80136 | AP32: 291.29754 | AQ32: 296.79372 | AR32: 302.2899 | AS32: 307.78608 | AT32: 313.28226 | AU32: 318.77844 | AV32: 324.27462 | AW32: 329.7708
A33: linear trajectory to benchmark | R33: 407.921 | S33: 425.1805 | T33: 442.44 | U33: 459.6995 | V33: 476.959 | W33: 494.2185 | X33: 511.478 | Y33: 528.7375 | Z33: 545.997 | AA33: 563.2565 | AB33: 580.516 | AC33: 597.7755 | AD33: 607.73843 | AE33: 617.70135 | AF33: 627.66428 | AG33: 637.6272 | AH33: 647.59013 | AI33: 657.55305 | AJ33: 667.51598 | AK33: 677.4789 | AL33: 687.44183 | AM33: 697.40475 | AN33: 707.36768 | AO33: 717.3306 | AP33: 727.29353 | AQ33: 737.25645 | AR33: 747.21938 | AS33: 757.1823 | AT33: 767.14523 | AU33: 777.10815 | AV33: 787.07108 | AW33: 797.034
A34: linear trajectory to benchmark | R34: 139.697 | S34: 143.7417 | T34: 147.78641 | U34: 151.83111 | V34: 155.87582 | W34: 159.92052 | X34: 163.96523 | Y34: 168.00993 | Z34: 172.05464 | AA34: 176.09934 | AB34: 180.14405 | AC34: 184.18875 | AD34: 186.03064 | AE34: 187.87253 | AF34: 189.71441 | AG34: 191.5563 | AH34: 193.39819 | AI34: 195.24008 | AJ34: 197.08196 | AK34: 198.92385 | AL34: 200.76574 | AM34: 202.60763 | AN34: 204.44951 | AO34: 206.2914 | AP34: 208.13329 | AQ34: 209.97518 | AR34: 211.81706 | AS34: 213.65895 | AT34: 215.50084 | AU34: 217.34273 | AV34: 219.18461 | AW34: 221.0265
D35: Average 2015-2019 | E35: 2020-2030 | F35: 2031-2050
A36: HSR | D36: =(R26-N26)/4 -> 5.521035 | E36: =(AC29-R26)/11 -> 7.9854055 | F36: =AD32-AC32 -> 5.49618
A37: Rail freight | D37: =(R27-N27)/4 -> 2.351 | E37: =(AC30-R27)/11 -> 17.2595 | F37: =AD33-AC33 -> 9.962925
A38: IWW freight | D38: =(R28-N28)/4 -> -1.9135 | E38: =(AC31-R28)/11 -> 4.0447045 | F38: =AD34-AC34 -> 1.8418875
A42: Indicator T3c

Sheet T3b. modal split passenger
A1: Modal shares land transport
B2: Source | C2: Unit | I2: 2010 | S2: 2020 | AC2: 2030 | AM2: 2040 | AW2: 2050
A3: Cars&2W | B3: Eurostat Statistical Pocketbook 2022 | C3: % | D3: ='T2a. total demand passenger'!D4/('T2a. total demand passenger'!D$3-'T2a. total demand passenger'!D$7) -> 0.81276981 | E3: ='T2a. total demand passenger'!E4/('T2a. total demand passenger'!E$3-'T2a. total demand passenger'!E$7) -> 0.81228745 | F3: ='T2a. total demand passenger'!F4/('T2a. total demand passenger'!F$3-'T2a. total demand passenger'!F$7) -> 0.81127481 | G3: ='T2a. total demand passenger'!G4/('T2a. total demand passenger'!G$3-'T2a. total demand passenger'!G$7) -> 0.80823395 | H3: ='T2a. total demand passenger'!H4/('T2a. total demand passenger'!H$3-'T2a. total demand passenger'!H$7) -> 0.81627317 | I3: ='T2a. total demand passenger'!I4/('T2a. total demand passenger'!I$3-'T2a. total demand passenger'!I$7) -> 0.81616077 | J3: ='T2a. total demand passenger'!J4/('T2a. total demand passenger'!J$3-'T2a. total demand passenger'!J$7) -> 0.8135454 | K3: ='T2a. total demand passenger'!K4/('T2a. total demand passenger'!K$3-'T2a. total demand passenger'!K$7) -> 0.81169737 | ... S3: ='T2a. total demand passenger'!S4/('T2a. total demand passenger'!S$3-'T2a. total demand passenger'!S$7) -> 0.86500388
A4: Buses&coaches | B4: Eurostat Statistical Pocketbook 2022 | C4: % | D4: ='T2a. total demand passenger'!D5/('T2a. total demand passenger'!D$3-'T2a. total demand passenger'!D$7) -> 0.10233113 | E4: ='T2a. total demand passenger'!E5/('T2a. total demand passenger'!E$3-'T2a. total demand passenger'!E$7) -> 0.10137048 | F4: ='T2a. total demand passenger'!F5/('T2a. total demand passenger'!F$3-'T2a. total demand passenger'!F$7) -> 0.10222195 | G4: ='T2a. total demand passenger'!G5/('T2a. total demand passenger'!G$3-'T2a. total demand passenger'!G$7) -> 0.10269471 | H4: ='T2a. total demand passenger'!H5/('T2a. total demand passenger'!H$3-'T2a. total demand passenger'!H$7) -> 0.096993345 | I4: ='T2a. total demand passenger'!I5/('T2a. total demand passenger'!I$3-'T2a. total demand passenger'!I$7) -> 0.096230218 | J4: ='T2a. total demand passenger'!J5/('T2a. total demand passenger'!J$3-'T2a. total demand passenger'!J$7) -> 0.097273692 | K4: ='T2a. total demand passenger'!K5/('T2a. total demand passenger'!K$3-'T2a. total demand passenger'!K$7) -> 0.097397213 | ... S4: ='T2a. total demand passenger'!S5/('T2a. total demand passenger'!S$3-'T2a. total demand passenger'!S$7) -> 0.068954179
A5: Rail | B5: Eurostat Statistical Pocketbook 2022 | C5: % | D5: ='T2a. total demand passenger'!D6/('T2a. total demand passenger'!D$3-'T2a. total demand passenger'!D$7) -> 0.084899067 | E5: ='T2a. total demand passenger'!E6/('T2a. total demand passenger'!E$3-'T2a. total demand passenger'!E$7) -> 0.086342069 | F5: ='T2a. total demand passenger'!F6/('T2a. total demand passenger'!F$3-'T2a. total demand passenger'!F$7) -> 0.08650324 | G5: ='T2a. total demand passenger'!G6/('T2a. total demand passenger'!G$3-'T2a. total demand passenger'!G$7) -> 0.089071333 | H5: ='T2a. total demand passenger'!H6/('T2a. total demand passenger'!H$3-'T2a. total demand passenger'!H$7) -> 0.086733481 | I5: ='T2a. total demand passenger'!I6/('T2a. total demand passenger'!I$3-'T2a. total demand passenger'!I$7) -> 0.087609012 | J5: ='T2a. total demand passenger'!J6/('T2a. total demand passenger'!J$3-'T2a. total demand passenger'!J$7) -> 0.089180906 | K5: ='T2a. total demand passenger'!K6/('T2a. total demand passenger'!K$3-'T2a. total demand passenger'!K$7) -> 0.090905414 | ... S5: ='T2a. total demand passenger'!S6/('T2a. total demand passenger'!S$3-'T2a. total demand passenger'!S$7) -> 0.066041946
A6: Benchmark - cars&2W | B6: CTP-MIX | C6: % | AC6: =('T2a. total demand passenger'!AC44+'T2a. total demand passenger'!AC45)/('T2a. total demand passenger'!AC42-'T2a. total demand passenger'!AC47-'T2a. total demand passenger'!AC48) -> 0.79883482 | AW6: ='T2a. total demand passenger'!AW70/('T2a. total demand passenger'!AW69-'T2a. total demand passenger'!AW72-'T2a. total demand passenger'!AW73)-AW7 -> 0.76704735
A7: Benchmark - buses&coaches | B7: CTP-MIX | C7: % | AC7: ='T2a. total demand passenger'!AC43/('T2a. total demand passenger'!AC42-'T2a. total demand passenger'!AC47-'T2a. total demand passenger'!AC48) -> 0.09287183 | AW7: 0.09
A8: Benchmark - rail | B8: CTP-MIX | C8: % | AC8: ='T2a. total demand passenger'!AC46/('T2a. total demand passenger'!AC42-'T2a. total demand passenger'!AC47-'T2a. total demand passenger'!AC48) -> 0.1084647 | AW8: ='T2a. total demand passenger'!AW71/('T2a. total demand passenger'!AW69-'T2a. total demand passenger'!AW72-'T2a. total demand passenger'!AW73) -> 0.14759137
A9: linear trajectories | C9: % | S9: 0.86500388 | T9: 0.85838697 | U9: 0.85177006 | V9: 0.84515316 | W9: 0.83853625 | X9: 0.83191935 | Y9: 0.82530244 | Z9: 0.81868554 | AA9: 0.81206863 | AB9: 0.80545172 | AC9: 0.79883482 | AD9: 0.79724545 | AE9: 0.79565607 | AF9: 0.7940667 | AG9: 0.79247733 | AH9: 0.79088795 | AI9: 0.78929858 | AJ9: 0.78770921 | AK9: 0.78611983 | AL9: 0.78453046 | AM9: 0.78294109 | AN9: 0.78135171 | AO9: 0.77976234 | AP9: 0.77817297 | AQ9: 0.77658359 | AR9: 0.77499422 | AS9: 0.77340485 | AT9: 0.77181547 | AU9: 0.7702261 | AV9: 0.76863673 | AW9: 0.76704735
A10: linear trajectories | C10: % | S10: 0.068954179 | T10: 0.071345944 | U10: 0.073737709 | V10: 0.076129475 | W10: 0.07852124 | X10: 0.080913005 | Y10: 0.08330477 | Z10: 0.085696535 | AA10: 0.0880883 | AB10: 0.090480065 | AC10: 0.09287183 | AD10: 0.092728239 | AE10: 0.092584647 | AF10: 0.092441056 | AG10: 0.092297464 | AH10: 0.092153873 | AI10: 0.092010281 | AJ10: 0.09186669 | AK10: 0.091723098 | AL10: 0.091579507 | AM10: 0.091435915 | AN10: 0.091292324 | AO10: 0.091148732 | AP10: 0.091005141 | AQ10: 0.090861549 | AR10: 0.090717958 | AS10: 0.090574366 | AT10: 0.090430775 | AU10: 0.090287183 | AV10: 0.090143592 | AW10: 0.09
A11: linear trajectories | C11: % | S11: 0.066041946 | T11: 0.070284221 | U11: 0.074526497 | V11: 0.078768772 | W11: 0.083011048 | X11: 0.087253324 | Y11: 0.091495599 | Z11: 0.095737875 | AA11: 0.099980151 | AB11: 0.10422243 | AC11: 0.1084647 | AD11: 0.11042104 | AE11: 0.11237737 | AF11: 0.1143337 | AG11: 0.11629004 | AH11: 0.11824637 | AI11: 0.1202027 | AJ11: 0.12215904 | AK11: 0.12411537 | AL11: 0.1260717 | AM11: 0.12802804 | AN11: 0.12998437 | AO11: 0.1319407 | AP11: 0.13389704 | AQ11: 0.13585337 | AR11: 0.1378097 | AS11: 0.13976604 | AT11: 0.14172237 | AU11: 0.1436787 | AV11: 0.14563504 | AW11: 0.14759137
A13: % of cars and 2W
A15: Change 2015-2019 | D15: =AVERAGE(R3-Q3,Q3-P3,P3-O3,O3-N3) -> 0.00012656395
A16: Change 2019-2030 | D16: =(AC6-R3)/11 -> -0.0015492527
A17: Change 2031-2050 | D17: =(AW6-AC6)/20 -> -0.0015893732
A18: % of buses and coaches
A20: Change 2015-2019 | D20: =AVERAGE(R4-Q4,Q4-P4,P4-O4,O4-N4) -> -0.0013007225
A21: Change 2019-2030
A22: Change 2031-2050
A23: % of rail
A25: Change 2015-2019 | D25: =AVERAGE(R5-Q5,Q5-P5,P5-O5,O5-N5) -> 0.0011741586
A26: Change 2019-2030 | D26: =(AC8-R5)/11 -> 0.0013188368 | E26: =D26/D25 -> 1.1232186
A27: Change 2031-2050 | D27: =(AW8-AC8)/20 -> 0.0019563334 | E27: =D27/D25 -> 1.6661577
A30: Aviation
A31: Total
B32: Source | C32: Unit | I32: 2010 | S32: 2020 | AC32: 2030 | AM32: 2040 | AW32: 2050
A33: Historic | B33: Eurostat Statistical Pocketbook 2022 | C33: Gpkm | D33: ='T2a. total demand passenger'!D29 -> 361.3 | E33: ='T2a. total demand passenger'!E29 -> 376.4 | F33: ='T2a. total demand passenger'!F29 -> 392.2 | G33: ='T2a. total demand passenger'!G29 -> 383.8 | H33: ='T2a. total demand passenger'!H29 -> 361.8 | I33: ='T2a. total demand passenger'!I29 -> 377.3 | J33: ='T2a. total demand passenger'!J29 -> 408.5 | K33: ='T2a. total demand passenger'!K29 -> 402.1 | ... S33: ='T2a. total demand passenger'!S29 -> 177.9
A34: benchmark 2030 | B34: CTP-MIX | C34: Gpkm | X34: ='T2a. total demand passenger'!X47 -> 571 | AC34: ='T2a. total demand passenger'!AC47 -> 612
A35: benchmark 2050 (min) | B35: 1.5TECH | C35: Gpkm | AW35: ='T2a. total demand passenger'!AW64 -> 846.69428
A36: benchmark 2050 (max) | B36: 1.5LIFE | C36: Gpkm | AW36: ='T2a. total demand passenger'!AW72 -> 715.76217
A37: linear trajectory | S37: 177.9 | T37: 256.52 | U37: 335.14 | V37: 413.76 | W37: 492.38 | X37: 571 | Y37: 579.2 | Z37: 587.4 | AA37: 595.6 | AB37: 603.8 | AC37: 612 | AD37: 623.73471 | AE37: 635.46943 | AF37: 647.20414 | AG37: 658.93886 | AH37: 670.67357 | AI37: 682.40828 | AJ37: 694.143 | AK37: 705.87771 | AL37: 717.61243 | AM37: 729.34714 | AN37: 741.08185 | AO37: 752.81657 | AP37: 764.55128 | AQ37: 776.286 | AR37: 788.02071 | AS37: 799.75542 | AT37: 811.49014 | AU37: 823.22485 | AV37: 834.95957 | AW37: 846.69428
A38: linear trajectory 2 | AC38: 612 | AD38: 617.18811 | AE38: 622.37622 | AF38: 627.56433 | AG38: 632.75243 | AH38: 637.94054 | AI38: 643.12865 | AJ38: 648.31676 | AK38: 653.50487 | AL38: 658.69298 | AM38: 663.88109 | AN38: 669.0692 | AO38: 674.2573 | AP38: 679.44541 | AQ38: 684.63352 | AR38: 689.82163 | AS38: 695.00974 | AT38: 700.19785 | AU38: 705.38596 | AV38: 710.57407 | AW38: 715.76217
F39: annual change (% vs 2015 level)
A40: Change 2015-2019 | D40: =AVERAGE(R33-Q33,Q33-P33,P33-O33,O33-N33) -> 33.425 | F40: =D40/$M$33 -> 0.078536184
A41: Change 2019-2030 | D41: =(AC34-R33)/11 -> 2.4090909 | E41: =D40/D41 -> 13.874528 | F41: =D41/$M$33 -> 0.005660458
A42: Change 2031-2050 1 | D42: =(AW35-AC34)/20 -> 11.734714 | E42: =D40/D42 -> 2.8483864 | F42: =D42/$M$33 -> 0.027572166
A43: Change 2031-2050 2 | D43: =(AW36-AC34)/20 -> 5.1881087 | E43: =D40/D43 -> 6.4426175 | F43: =D43/$M$33 -> 0.012190105
A45: Indicator T3b
A60: Short haul aviation and high-speed rail
A61: Short haul flights
B62: Source | C62: Unit | I62: 2010 | S62: 2020 | AC62: 2030 | AM62: 2040 | AW62: 2050
A63: Total | B63: Eurostat AVIA_PAODIS | C63: million passengers | G63: 131.04265 | H63: 121.70797 | I63: 121.85118 | J63: 125.03525 | K63: 120.07557 | L63: 115.57969 | M63: 119.42528 | N63: 126.59292 | O63: 132.99507 | P63: 138.99165 | Q63: 142.63029 | R63: 143.75932 | S63: 43.049844 | T63: 50.187724
A64: benchmark 2030 | B64: Smart and Sustainable Mobility Strategy | C64: million passengers | AC64: 0
A65: linear trajectory | R65: 143.75932 | S65: 130.69029 | T65: 117.62126 | U65: 104.55223 | V65: 91.483201 | W65: 78.414172 | X65: 65.345144 | Y65: 52.276115 | Z65: 39.207086 | AA65: 26.138057 | AB65: 13.069029 | AC65: 0
A67: Change 2015-2019 | D67: =AVERAGE(R63-Q63,Q63-P63,P63-O63,O63-N63) -> 4.291599
A68: Change 2019-2030 | D68: =R63/-11 -> -13.069029
A70: High-speed rail
B71: Source | C71: Unit | I71: 2010 | S71: 2020 | AC71: 2030 | AM71: 2040 | AW71: 2050
A72: Historic | B72: Eurostat Statistical Pocketbook 2022 | C72: Gpkm | D72: ='T2a. total demand passenger'!D27 -> 79.663 | E72: ='T2a. total demand passenger'!E27 -> 83.411 | F72: ='T2a. total demand passenger'!F27 -> 87.303 | G72: ='T2a. total demand passenger'!G27 -> 96.61 | H72: ='T2a. total demand passenger'!H27 -> 103.086 | I72: ='T2a. total demand passenger'!I27 -> 104.85538 | J72: ='T2a. total demand passenger'!J27 -> 103.69534 | K72: ='T2a. total demand passenger'!K27 -> 105.43988 | ... S72: ='T2a. total demand passenger'!S27 -> 69.372916
A73: benchmark 2030 | B73: Smart and Sustainable Mobility Strategy | C73: Gpkm | AC73: =2*N72 -> 219.8472
A74: benchmark 2050 | B74: Smart and Sustainable Mobility Strategy | C74: Gpkm | AW74: =3*N72 -> 329.7708
A75: linear trajectory | R75: 132.00774 | S75: 139.99315 | T75: 147.97855 | U75: 155.96396 | V75: 163.94936 | W75: 171.93477 | X75: 179.92017 | Y75: 187.90558 | Z75: 195.89098 | AA75: 203.87639 | AB75: 211.86179 | AC75: 219.8472 | AD75: 225.34338 | AE75: 230.83956 | AF75: 236.33574 | AG75: 241.83192 | AH75: 247.3281 | AI75: 252.82428 | AJ75: 258.32046 | AK75: 263.81664 | AL75: 269.31282 | AM75: 274.809 | AN75: 280.30518 | AO75: 285.80136 | AP75: 291.29754 | AQ75: 296.79372 | AR75: 302.2899 | AS75: 307.78608 | AT75: 313.28226 | AU75: 318.77844 | AV75: 324.27462 | AW75: 329.7708
A77: Change 2015-2019 | D77: =AVERAGE(R72-Q72,Q72-P72,P72-O72,O72-N72) -> 5.521035
A78: Change 2019-2030 | D78: =(AC73-R72)/11 -> 7.9854055 | E78: =D78/D77 -> 1.4463602
A79: Change 2031-2050 1 | D79: =(AW74-AC73)/20 -> 5.49618 | E79: =D79/D77 -> 0.99549813

Sheet T4. GHG intensity
A1: Passenger cars
B2: Source | C2: Unit | D2: 2005 | I2: 2010 | N2: 2015 | S2: 2020 | X2: 2025 | AC2: 2030 | AG2: 2035
A3: Historic - NEDC | B3: EEA | C3: gCO2/km | D3: 162.4 | E3: 161.3 | F3: 158.7 | G3: 153.5 | H3: 145.7 | I3: 140.3 | J3: 135.7 | K3: 132.2 | L3: 126.7 | M3: 123.4 | N3: 119.5 | O3: 118.1 | P3: 118.5 | Q3: 120.8 | R3: 122.3 | S3: 107.5
A4: Historic - WLTP | B4: EEA | C4: gCO2/km | S4: 130.3 | T4: 114.1 | U4: 108.2
A5: Previous objectives (NEDC) | B5: Regulation (EU) 2019/631 | C5: gCO2/km | N5: 130 | S5: 95 | X5: 80.8 | AC5: 59.4
A6: New objectives (WLTP) | B6: Regulation (EU) 2023/851 | C6: gCO2/km | X6: 93.3 | AC6: 49 | AG6: 0
A8: Average 2018-2022 | D8: =AVERAGE(U4-T4,T4-S4,S3-R3,R3-Q3) -> -8.85
A9: Required 2023-2030 | D9: =(AC6-U4)/8 -> -7.4 | E9: =D9/D8 -> 0.83615819
A10: Required 2031-2035 | D10: =AC6/-5 -> -9.8 | E10: =D10/D8 -> 1.1073446
A12: Indicator T4 (left)
A31: Note: This figure and the figure below to be combined into one figure, with a left pane and right pane. The legend on the bottom should be common to both panes.
A33: Vans
B34: Source | C34: Unit | D34: 2005 | I34: 2010 | N34: 2015 | S34: 2020 | X34: 2025 | AC34: 2030 | AG34: 2035
A35: Historic - NEDC | B35: EEA | C35: gCO2/km | K35: 180.2 | L35: 173.3 | M35: 169.1 | N35: 168.3 | O35: 163.7 | P35: 156.1 | Q35: 157.9 | R35: 158 | S35: 155
A36: Historic - WLTP | B36: EEA | C36: gCO2/km | R36: 188 | S36: 200 | T36: 194 | U36: 185.3
A37: Previous objectives | B37: Regulation (EU) 2019/631 | C37: gCO2/km | P37: 175 | S37: 147 | X37: 125 | AC37: 103
A38: New objectives | B38: Regulation (EU) 2023/851 | C38: gCO2/km | AC38: =0.5*S35 -> 77.5 | AG38: 0
A40: Average 2018-2022 | D40: =AVERAGE(U36-T36,T36-S36,S36-R36,R35-Q35) -> -0.65
A41: Required 2023-2030 | D41: =(AC37-U36)/8 -> -10.2875
A42: Required 2031-2035 | D42: =AC38/-5 -> -15.5
A44: Inditor T4 (right)
A66: HDV
B67: Source | C67: Unit | D67: 2005 | I67: 2010 | N67: 2015 | S67: 2020 | X67: 2025 | AC67: 2030 | AG67: 2035 | AL67: 2040
A68: Historic | B68: EEA | C68: gCO2/tkm | R68: 52.75
A69: Previous objectives | B69: Regulation (EU) 2019/1242 | C69: gCO2/tkm | X69: =0.85*R68 -> 44.8375 | AC69: =0.7*R68 -> 36.925
A70: New objectives | B70: COM(2023) 88 final | C70: gCO2/tkm | X70: =0.85*R68 -> 44.8375 | AC70: =0.55*R68 -> 29.0125 | AG70: =0.35*R68 -> 18.4625 | AL70: =0.1*R68 -> 5.275
A72: Required 2019-2030 | D72: =(AC70-R68)/11 -> -2.1579545
A73: Required 2031-2040 | D73: =(AL70-AC70)/10 -> -2.37375

Sheet T5a&b. ZEV shares
A2: Indicator T5a | K2: Indicator T5b
A22: Passenger cars
A23: Graph feed
B24: Source | C24: Unit | D24: 2005 | I24: 2010 | N24: 2015 | S24: 2020 | X24: 2025 | AC24: 2030 | AG24: 2035
A25: ZEV share | B25: EU alternative fuel observatory, EEA for 2022 | C25: % of sales | I25: =I45 -> 0.0001 | J25: =J45 -> 0.0007 | K25: =K45 -> 0.0013 | L25: =L45 -> 0.0022 | M25: =M45 -> 0.0033 | N25: =N45 -> 0.0046 | O25: =O45 -> 0.0047 | P25: =P45 -> 0.0068 | ... U25: =U45 -> 0.1341
A26: LEV share | B26: EU alternative fuel observatory, EEA for 2022 | C26: % of sales | I26: =I48+I25 -> 0.0457 | J26: =J48+J25 -> 0.0254 | K26: =K48+K25 -> 0.0385 | L26: =L48+L25 -> 0.0347 | M26: =M48+M25 -> 0.0358 | N26: =N48+N25 -> 0.0377 | O26: =O48+O25 -> 0.0329 | P26: =P48+P25 -> 0.037 | ... U26: =U48+U25 -> 0.2596
A27: benchmark | B27: Regulation (EU) 2023/851 | C27: % of sales | AG27: 1
A28: linear trajectory | U28: 0.1341 | V28: 0.20625833 | W28: 0.27841667 | X28: 0.350575 | Y28: 0.42273333 | Z28: 0.49489167 | AA28: 0.56705 | AB28: 0.63920833 | AC28: 0.71136667 | AD28: 0.783525 | AE28: 0.85568333 | AF28: 0.92784167 | AG28: 1
B29: pp. | C29: % increase
A30: Average 2018-2022 | B30: =AVERAGE(U25-T25,T25-S25,S25-R25,R25-Q25) -> 0.030875
A31: Required 2023-2035 | B31: =V28-U28 -> 0.072158333 | C31: =B31/B30 -> 2.337112
A33: Historic data
A34: Category | B34: Source | C34: Unit | I34: 2010 | J34: 2011 | K34: 2012 | L34: 2013 | M34: 2014 | N34: 2015 | O34: 2016 | P34: 2017 | Q34: 2018 | R34: 2019 | S34: 2020 | T34: 2021 | U34: 2022
A35: ZEV | B35: EU alternative fuel observatory | C35: # of sales | I35: =I36+I37 -> 752 | J35: =J36+J37 -> 8014 | K35: =K36+K37 -> 12716 | L35: =L36+L37 -> 21639 | M35: =M36+M37 -> 32793 | N35: =N36+N37 -> 51036 | O35: =O36+O37 -> 56509 | P35: =P36+P37 -> 85962 | ... U35: =U36+U37 -> 1118332
A36: BEV | B36: EU alternative fuel observatory | C36: # of sales | I36: 752 | J36: 8014 | K36: 12716 | L36: 21622 | M36: 32762 | N36: 50901 | O36: 56368 | P36: 85808 | Q36: 135613 | R36: 247545 | S36: 535894 | T36: 873612 | U36: 1117053
A37: H2 | B37: EU alternative fuel observatory | C37: # of sales | I37: 0 | J37: 0 | K37: 0 | L37: 17 | M37: 31 | N37: 135 | O37: 141 | P37: 154 | Q37: 187 | R37: 479 | S37: 744 | T37: 917 | U37: 1279
A38: LEV | B38: EU alternative fuel observatory | C38: # of sales | I38: =I39+I40+I41 -> 519470 | J38: =J39+J40+J41 -> 278940 | K38: =K39+K40+K41 -> 372890 | L38: =L39+L40+L41 -> 313919 | M38: =M39+M40+M41 -> 327578 | N38: =N39+N40+N41 -> 367260 | O38: =O39+O40+O41 -> 336818 | P38: =P39+P40+P41 -> 381772 | ... U38: =U39+U40+U41 -> 1155237
A39: PHEV | B39: EU alternative fuel observatory | C39: # of sales | I39: 2 | J39: 329 | K39: 8025 | L39: 22575 | M39: 21245 | N39: 65825 | O39: 61699 | P39: 82191 | Q39: 104720 | R39: 139984 | S39: 510149 | T39: 865752 | U39: 881573
A40: LPG | B40: EU alternative fuel observatory | C40: # of sales | I40: 440622 | J40: 225669 | K40: 297935 | L40: 196630 | M40: 207561 | N40: 219673 | O40: 216007 | P40: 250264 | Q40: 162584 | R40: 172179 | S40: 147093 | T40: 183460 | U40: 255209
A41: CNG | B41: EU alternative fuel observatory | C41: # of sales | I41: 78846 | J41: 52942 | K41: 66930 | L41: 94714 | M41: 98772 | N41: 81762 | O41: 59112 | P41: 49317 | Q41: 66237 | R41: 68436 | S41: 54724 | T41: 40244 | U41: 18455
A42: Conventional ICE | B42: Calculated | C42: # of sales | I42: =I43-I38-I35 -> 6999778 | J42: =J43-J38-J35 -> 11161617 | K42: =K43-K38-K35 -> 9395932.5 | L42: =L43-L38-L35 -> 9500351.1 | M42: =M43-M38-M35 -> 9576901.7 | N42: =N43-N38-N35 -> 10676487 | O42: =O43-O38-O35 -> 11629864 | P42: =P43-P38-P35 -> 12173737 | ... U42: =U43-U38-U35 -> 6065968.7
A43: Total | B43: Calculated | C43: # of sales | I43: =I35/I45 -> 7520000 | J43: =J35/J45 -> 11448571 | K43: =K35/K45 -> 9781538.5 | L43: =L35/L45 -> 9835909.1 | M43: =M35/M45 -> 9937272.7 | N43: =N35/N45 -> 11094783 | O43: =O35/O45 -> 12023191 | P43: =P35/P45 -> 12641471 | ... U43: =U35/U45 -> 8339537.7
A45: ZEV | B45: EU alternative fuel observatory | C45: % of sales | I45: =I46+I47 -> 0.0001 | J45: =J46+J47 -> 0.0007 | K45: =K46+K47 -> 0.0013 | L45: =L46+L47 -> 0.0022 | M45: =M46+M47 -> 0.0033 | N45: =N46+N47 -> 0.0046 | O45: =O46+O47 -> 0.0047 | P45: =P46+P47 -> 0.0068 | ... U45: =U46+U47 -> 0.1341
A46: BEV | B46: EU alternative fuel observatory, EEA for 2022 | C46: % of sales | I46: 0.0001 | J46: 0.0007 | K46: 0.0013 | L46: 0.0022 | M46: 0.0033 | N46: 0.0046 | O46: 0.0047 | P46: 0.0068 | Q46: 0.0106 | R46: 0.019 | S46: 0.0538 | T46: 0.0886 | U46: 0.134
A47: H2 | B47: EU alternative fuel observatory | C47: % of sales | I47: 0 | J47: 0 | K47: 0 | L47: 0 | M47: 0 | N47: 0 | O47: 0 | P47: 0 | Q47: 0 | R47: 0 | S47: 0.0001 | T47: 0.0001 | U47: 0.0001
A48: LEV | B48: EU alternative fuel observatory | C48: % of sales | I48: =I49+I50+I51 -> 0.0456 | J48: =J49+J50+J51 -> 0.0247 | K48: =K49+K50+K51 -> 0.0372 | L48: =L49+L50+L51 -> 0.0325 | M48: =M49+M50+M51 -> 0.0325 | N48: =N49+N50+N51 -> 0.0331 | O48: =O49+O50+O51 -> 0.0282 | P48: =P49+P50+P51 -> 0.0302 | ... U48: =U49+U50+U51 -> 0.1255
A49: PHEV | B49: EU alternative fuel observatory | C49: % of sales | I49: 0 | J49: 0 | K49: 0.0008 | L49: 0.0023 | M49: 0.0021 | N49: 0.0059 | O49: 0.0052 | P49: 0.0065 | Q49: 0.0082 | R49: 0.0107 | S49: 0.0513 | T49: 0.0878 | U49: =23%-U46 -> 0.096
A50: LPG | B50: EU alternative fuel observatory | C50: % of sales | I50: 0.0387 | J50: 0.02 | K50: 0.0297 | L50: 0.0204 | M50: 0.0206 | N50: 0.0198 | O50: 0.0181 | P50: 0.0198 | Q50: 0.0127 | R50: 0.0132 | S50: 0.0148 | T50: 0.0186 | U50: 0.0275
A51: CNG | B51: EU alternative fuel observatory | C51: % of sales | I51: 0.0069 | J51: 0.0047 | K51: 0.0067 | L51: 0.0098 | M51: 0.0098 | N51: 0.0074 | O51: 0.0049 | P51: 0.0039 | Q51: 0.0052 | R51: 0.0052 | S51: 0.0055 | T51: 0.0041 | U51: 0.002
A53: Vans
A54: Graph feed
B55: Source | C55: Unit | D55: 2005 | I55: 2010 | N55: 2015 | S55: 2020 | X55: 2025 | AC55: 2030 | AG55: 2035
A56: ZEV share | B56: EU alternative fuel observatory | C56: % | I56: =I77 -> 0.0006 | J56: =J77 -> 0.0014 | K56: =K77 -> 0.0055 | L56: =L77 -> 0.0048 | M56: =M77 -> 0.0038 | N56: =N77 -> 0.0045 | O56: =O77 -> 0.0061 | P56: =P77 -> 0.0086 | ... U56: =U77 -> 0.061
A57: LEV share | B57: EU alternative fuel observatory | C57: % | I57: =I80+I56 -> 0.0181 | J57: =J80+J56 -> 0.0077 | K57: =K80+K56 -> 0.0129 | L57: =L80+L56 -> 0.0148 | M57: =M80+M56 -> 0.0105 | N57: =N80+N56 -> 0.0134 | O57: =O80+O56 -> 0.0169 | P57: =P80+P56 -> 0.0175 | ... U57: =U80+U56 -> 0.0698
A58: benchmark | B58: Regulation (EU) 2023/851 | C58: % | AG58: 1
A59: linear trajectory | U59: 0.061 | V59: 0.13925 | W59: 0.2175 | X59: 0.29575 | Y59: 0.374 | Z59: 0.45225 | AA59: 0.5305 | AB59: 0.60875 | AC59: 0.687 | AD59: 0.76525 | AE59: 0.8435 | AF59: 0.92175 | AG59: 1
A61: Average 2018-2022 | B61: =AVERAGE(U56-T56,T56-S56,S56-R56,R56-Q56) -> 0.01245
A62: Required 2023-2035 | B62: =V59-U59 -> 0.07825
A64: Historic data
A65: Category | B65: Source | C65: Unit | I65: 2010 | J65: 2011 | K65: 2012 | L65: 2013 | M65: 2014 | N65: 2015 | O65: 2016 | P65: 2017 | Q65: 2018 | R65: 2019 | S65: 2020 | T65: 2021 | U65: 2022
A66: ZEV | B66: EU alternative fuel observatory | C66: # of sales | I66: =I67+I68 -> 798 | J66: =J67+J68 -> 1870 | K66: =K67+K68 -> 6335 | L66: =L67+L68 -> 5276 | M66: =M67+M68 -> 4659 | N66: =N67+N68 -> 6023 | O66: =O67+O68 -> 9381 | P66: =P67+P68 -> 13291 | ... U66: =U67+U68 -> 61294
A67: BEV | B67: EU alternative fuel observatory | C67: # | I67: 798 | J67: 1870 | K67: 6335 | L67: 5276 | M67: 4659 | N67: 6023 | O67: 9381 | P67: 13291 | Q67: 19024 | R67: 21448 | S67: 26791 | T67: 44537 | U67: 61294
A68: H2 | B68: EU alternative fuel observatory | C68: # | T68: 2 | U68: 0
A69: LEV | B69: EU alternative fuel observatory | C69: # of sales | I69: =I70+I71+I72+I73 -> 22126 | J69: =J70+J71+J72+J73 -> 8408 | K69: =K70+K71+K72+K73 -> 8670 | L69: =L70+L71+L72+L73 -> 10976 | M69: =M70+M71+M72+M73 -> 8146 | N69: =N70+N71+N72+N73 -> 11938 | O69: =O70+O71+O72+O73 -> 19648 | P69: =P70+P71+P72+P73 -> 13870 | ... U69: =U70+U71+U72+U73 -> 11247
A70: PHEV | B70: EU alternative fuel observatory | C70: # | I70: 0 | J70: 0 | K70: 0 | R70: 27 | S70: 413 | T70: 1519 | U70: 2010
A71: LPG | B71: EU alternative fuel observatory | C71: # | I71: 421 | J71: 564 | K71: 634 | L71: 2946 | M71: 962 | N71: 4835 | O71: 7803 | P71: 8291 | Q71: 4260 | R71: 4898 | S71: 9189 | T71: 5196 | U71: 6949
A72: LNG | O72: 2990
A73: CNG | B73: EU alternative fuel observatory | C73: # | I73: 21705 | J73: 7844 | K73: 8036 | L73: 8030 | M73: 7184 | N73: 7103 | O73: 8855 | P73: 5579 | Q73: 8132 | R73: 10057 | S73: 7636 | T73: 4831 | U73: 2288
A74: Conventional ICE | B74: Calculated | C74: # of sales | I74: =I75-I69-I66 -> 1307076 | J74: =J75-J69-J66 -> 1325436.3 | K74: =K75-K69-K66 -> 1136813.2 | L74: =L75-L69-L66 -> 1082914.7 | M74: =M75-M69-M66 -> 1213247.6 | N74: =N75-N69-N66 -> 1320483.4 | O74: =O75-O69-O66 -> 1508839.9 | P74: =P75-P69-P66 -> 1518304.1 | ... U74: =U75-U69-U66 -> 932278.67
A75: Total | B75: Calculated | C75: # of sales | I75: =I66/I77 -> 1330000 | J75: =J66/J77 -> 1335714.3 | K75: =K66/K77 -> 1151818.2 | L75: =L66/L77 -> 1099166.7 | M75: =M66/M77 -> 1226052.6 | N75: =N66/N77 -> 1338444.4 | O75: =O66/O77 -> 1537868.9 | P75: =P66/P77 -> 1545465.1 | ... U75: =U66/U77 -> 1004819.7
A77: ZEV | B77: EU alternative fuel observatory | C77: % of sales | I77: =I78+I79 -> 0.0006 | J77: =J78+J79 -> 0.0014 | K77: =K78+K79 -> 0.0055 | L77: =L78+L79 -> 0.0048 | M77: =M78+M79 -> 0.0038 | N77: =N78+N79 -> 0.0045 | O77: =O78+O79 -> 0.0061 | P77: =P78+P79 -> 0.0086 | ... U77: =U78+U79 -> 0.061
A78: BEV | B78: EU alternative fuel observatory, EEA data for 2022 | C78: % | I78: 0.0006 | J78: 0.0014 | K78: 0.0055 | L78: 0.0048 | M78: 0.0038 | N78: 0.0045 | O78: 0.0061 | P78: 0.0086 | Q78: 0.0112 | R78: 0.0123 | S78: 0.0186 | T78: 0.035 | U78: 0.061
A79: H2 | B79: EU alternative fuel observatory | C79: % | I79: 0 | J79: 0 | K79: 0 | L79: 0 | M79: 0 | N79: 0 | O79: 0 | P79: 0 | Q79: 0 | R79: 0 | S79: 0 | T79: 0 | U79: 0
A80: LEV | B80: EU alternative fuel observatory | C80: % of sales | I80: =I81+I82+I84 -> 0.0175 | J80: =J81+J82+J84 -> 0.0063 | K80: =K81+K82+K84 -> 0.0074 | L80: =L81+L82+L84 -> 0.01 | M80: =M81+M82+M84 -> 0.0067 | N80: =N81+N82+N84 -> 0.0089 | O80: =O81+O82+O84 -> 0.0108 | P80: =P81+P82+P84 -> 0.0089 | ... U80: =U81+U82+U84 -> 0.0088
A81: PHEV | B81: EU alternative fuel observatory | C81: % | I81: 0 | J81: 0 | K81: 0 | L81: 0 | M81: 0 | N81: 0 | O81: 0 | P81: 0 | Q81: 0 | R81: 0 | S81: 0.0003 | T81: 0.001 | U81: 0.0016
A82: LPG | B82: EU alternative fuel observatory | C82: % | I82: 0.0003 | J82: 0.0004 | K82: 0.0005 | L82: 0.0027 | M82: 0.0008 | N82: 0.0036 | O82: 0.0051 | P82: 0.0053 | Q82: 0.0025 | R82: 0.0028 | S82: 0.0064 | T82: 0.0033 | U82: 0.0054
A83: LNG | B83: EU alternative fuel observatory | C83: % | I83: 0 | J83: 0 | K83: 0 | L83: 0 | M83: 0 | N83: 0 | O83: 0.0019 | P83: 0 | Q83: 0 | R83: 0 | S83: 0 | T83: 0 | U83: 0
A84: CNG | B84: EU alternative fuel observatory | C84: % | I84: 0.0172 | J84: 0.0059 | K84: 0.0069 | L84: 0.0073 | M84: 0.0059 | N84: 0.0053 | O84: 0.0057 | P84: 0.0036 | Q84: 0.0048 | R84: 0.0058 | S84: 0.0053 | T84: 0.0031 | U84: 0.0018
A87: Trucks/HDV
A88: Graph feed
B89: Source | C89: Unit | D89: 2005 | I89: 2010 | N89: 2015 | S89: 2020 | X89: 2025 | AC89: 2030
A90: Total | B90: EU alternative fuel observatory | C90: # in fleet | N90: =N99 -> 71 | O90: =O99 -> 117 | P90: =P99 -> 151 | Q90: =Q99 -> 227 | R90: =R99 -> 601 | S90: =S99 -> 964 | T90: =T99 -> 2150 | U90: =U99 -> 3794
A91: 2030 benchmark | B91: Smart and Sustainable Mobility Strategy | C91: # in fleet | AC91: 80000
A92: linear trajectory | U92: 3794 | V92: 13319.75 | W92: 22845.5 | X92: 32371.25 | Y92: 41897 | Z92: 51422.75 | AA92: 60948.5 | AB92: 70474.25 | AC92: 80000
A94: Average 2018-2022 | B94: =AVERAGE(U100-T100,T100-S100,S100-R100,R100-Q100) -> 879.25
A95: Required 2023-2030 | B95: =V92-U92 -> 9525.75 | C95: =B95/B94 -> 10.833949
A97: Historic data
A98: Category | B98: Source | C98: Unit | I98: 2010 | J98: 2011 | K98: 2012 | L98: 2013 | M98: 2014 | N98: 2015 | O98: 2016 | P98: 2017 | Q98: 2018 | R98: 2019 | S98: 2020 | T98: 2021 | U98: 2022
A99: ZEV | B99: EU alternative fuel observatory | C99: # in fleet | N99: =N100+N101 -> 71 | O99: =O100+O101 -> 117 | P99: =P100+P101 -> 151 | Q99: =Q100+Q101 -> 227 | R99: =R100+R101 -> 601 | S99: =S100+S101 -> 964 | T99: =T100+T101 -> 2150 | U99: =U100+U101 -> 3794
A100: BEV | B100: EU alternative fuel observatory | C100: # in fleet | N100: 71 | O100: 113 | P100: 145 | Q100: 222 | R100: 594 | S100: 955 | T100: 2136 | U100: 3739
A101: H2 | B101: EU alternative fuel observatory | C101: # in fleet | O101: 4 | P101: 6 | Q101: 5 | R101: 7 | S101: 9 | T101: 14 | U101: 55
A102: LEV | B102: EU alternative fuel observatory | C102: # in fleet | N102: =SUM(N103:N106) -> 16998 | O102: =SUM(O103:O106) -> 16087 | P102: =SUM(P103:P106) -> 18666 | Q102: =SUM(Q103:Q106) -> 22489 | R102: =SUM(R103:R106) -> 29179 | S102: =SUM(S103:S106) -> 35206 | T102: =SUM(T103:T106) -> 39501 | U102: =SUM(U103:U106) -> 38967
A103: PHEV | B103: EU alternative fuel observatory | C103: # in fleet | O103: 39 | P103: 40 | Q103: 40 | R103: 38 | S103: 29 | T103: 44 | U103: 115
A104: LPG | B104: EU alternative fuel observatory | C104: # in fleet | N104: 8579 | O104: 8855 | P104: 8696 | Q104: 8712 | R104: 8691 | S104: 9133 | T104: 9392 | U104: 9810
A105: LNG | B105: EU alternative fuel observatory | C105: # in fleet | N105: 331 | O105: 496 | P105: 1425 | Q105: 2989 | R105: 4321 | S105: 6006 | T105: 7361 | U105: 8608
A106: CNG | B106: EU alternative fuel observatory | C106: # in fleet | N106: 8088 | O106: 6697 | P106: 8505 | Q106: 10748 | R106: 16129 | S106: 20038 | T106: 22704 | U106: 20434

Sheet T6a. % of fossil fuels
A1: % of fossil fuels
B2: Source | C2: Unit | D2: 2005 | I2: 2010 | N2: 2015 | S2: 2020 | X2: 2025 | AC2: 2030 | AH2: 2035 | AM2: 2040 | AR2: 2045 | AW2: 2050
A3: Historic | B3: Energy balances | C3: % | D3: =D16 -> 0.97693313 | E3: =E16 -> 0.97247514 | F3: =F16 -> 0.96783368 | G3: =G16 -> 0.96313576 | H3: =H16 -> 0.95721742 | I3: =I16 -> 0.95306271 | J3: =J16 -> 0.95080239 | K3: =K16 -> 0.94663168 | ... T3: =T16 -> 0.93435578
A4: 2030 benchmark | B4: CTP MIX | C4: % | AC4: =AC70 -> 0.89104865
A5: 2050 benchmark | B5: CTP MIX | C5: % | AW5: =AW70 -> 0.14063216
A7: Average 2017-2021 | D7: =AVERAGE(T3-S3,S3-R3,R3-Q3,Q3-P3) -> -0.003517583
A8: Required 2022-2030 | D8: =(AC4-T3)/8 -> -0.0054133911 | E8: =D8/D7 -> 1.5389519
A9: Required 2031-2035 | D9: =#REF!-#REF! -> #REF! | E9: =D9/D7 -> #REF!
A13: Historic data
A14: Total overviez | AJ14: Indicator T6a
B15: Source | C15: Unit | D15: 2005 | I15: 2010 | N15: 2015 | S15: 2020 | X15: 2025 | AC15: 2030 | AH15: 2035
A16: % fossil | D16: =(D23+D24+D25+D26+D27+D34+D35+D36+D37+D38+D45+D46+D47+D48+D49)/(D22+D33+D44) -> 0.97693313 | E16: =(E23+E24+E25+E26+E27+E34+E35+E36+E37+E38+E45+E46+E47+E48+E49)/(E22+E33+E44) -> 0.97247514 | F16: =(F23+F24+F25+F26+F27+F34+F35+F36+F37+F38+F45+F46+F47+F48+F49)/(F22+F33+F44) -> 0.96783368 | G16: =(G23+G24+G25+G26+G27+G34+G35+G36+G37+G38+G45+G46+G47+G48+G49)/(G22+G33+G44) -> 0.96313576 | H16: =(H23+H24+H25+H26+H27+H34+H35+H36+H37+H38+H45+H46+H47+H48+H49)/(H22+H33+H44) -> 0.95721742 | I16: =(I23+I24+I25+I26+I27+I34+I35+I36+I37+I38+I45+I46+I47+I48+I49)/(I22+I33+I44) -> 0.95306271 | J16: =(J23+J24+J25+J26+J27+J34+J35+J36+J37+J38+J45+J46+J47+J48+J49)/(J22+J33+J44) -> 0.95080239 | K16: =(K23+K24+K25+K26+K27+K34+K35+K36+K37+K38+K45+K46+K47+K48+K49)/(K22+K33+K44) -> 0.94663168 | ... T16: =(T23+T24+T25+T26+T27+T34+T35+T36+T37+T38+T45+T46+T47+T48+T49)/(T22+T33+T44) -> 0.93435578
A17: % bio | D17: =(D29+D40+D51)/(D22+D33+D44) -> 0.0087247071 | E17: =(E29+E40+E51)/(E22+E33+E44) -> 0.014031062 | F17: =(F29+F40+F51)/(F22+F33+F44) -> 0.019195223 | G17: =(G29+G40+G51)/(G22+G33+G44) -> 0.023910983 | H17: =(H29+H40+H51)/(H22+H33+H44) -> 0.029501086 | I17: =(I29+I40+I51)/(I22+I33+I44) -> 0.033471506 | J17: =(J29+J40+J51)/(J22+J33+J44) -> 0.035386033 | K17: =(K29+K40+K51)/(K22+K33+K44) -> 0.039166826 | ... T17: =(T29+T40+T51)/(T22+T33+T44) -> 0.050175588
A18: % electricity | D18: =(D28+D39+D50)/(D22+D33+D44) -> 0.014342159 | E18: =(E28+E39+E50)/(E22+E33+E44) -> 0.013493794 | F18: =(F28+F39+F50)/(F22+F33+F44) -> 0.0129711 | G18: =(G28+G39+G50)/(G22+G33+G44) -> 0.012953256 | H18: =(H28+H39+H50)/(H22+H33+H44) -> 0.013281489 | I18: =(I28+I39+I50)/(I22+I33+I44) -> 0.013465789 | J18: =(J28+J39+J50)/(J22+J33+J44) -> 0.013811573 | K18: =(K28+K39+K50)/(K22+K33+K44) -> 0.014201492 | ... T18: =(T28+T39+T50)/(T22+T33+T44) -> 0.015472573
A20: Transport excl. Bunkers
B21: Source | C21: Unit | D21: 2005 | I21: 2010 | N21: 2015 | S21: 2020 | X21: 2025 | AC21: 2030 | AH21: 2035
A22: Total | B22: Eurostat energy balance | C22: ktoe | D22: 281578.77 | E22: 287221.11 | F22: 291835.11 | G22: 287886.2 | H22: 280641.74 | I22: 279992.44 | J22: 278951.01 | K22: 269187.62 | L22: 265449.96 | M22: 268808.99 | N22: 272463.42 | O22: 278736.34 | P22: 284509.21 | Q22: 285944.66 | R22: 288722.81 | S22: 251439.59 | T22: 274834.95
A23: Solid fossil fuels | B23: Eurostat energy balance | C23: ktoe | D23: 5.489 | E23: 1.116 | F23: 0.993 | G23: 1.021 | H23: 0.483 | I23: 0.476 | J23: 0.469 | K23: 0.477 | L23: 0.488 | M23: 1.154 | N23: 1.192 | O23: 1.159 | P23: 1.357 | Q23: 1 | R23: 0.581 | S23: 0.351 | T23: 0.412
A24: Manufactured gases | B24: Eurostat energy balance | C24: ktoe | D24: 0 | E24: 0 | F24: 0 | G24: 0 | H24: 0 | I24: 0 | J24: 0 | K24: 0 | L24: 0 | M24: 0 | N24: 0 | O24: 0 | P24: 0 | Q24: 0 | R24: 0 | S24: 0 | T24: 0
A25: Peat and peat products | B25: Eurostat energy balance | C25: ktoe | D25: 0 | E25: 0 | F25: 0 | G25: 0 | H25: 0 | I25: 0 | J25: 0 | K25: 0 | L25: 0 | M25: 0 | N25: 0 | O25: 0 | P25: 0 | Q25: 0 | R25: 0 | S25: 0 | T25: 0
A26: Natural gas | B26: Eurostat energy balance | C26: ktoe | D26: 2787.873 | E26: 2679.47 | F26: 2770.754 | G26: 2895.259 | H26: 2537.443 | I26: 2660.352 | J26: 3032.095 | K26: 2833.788 | L26: 3119.998 | M26: 2993.783 | N26: 3031.348 | O26: 3198.345 | P26: 3304.196 | Q26: 3488.227 | R26: 3705.199 | S26: 3066.1 | T26: 3718.087
A27: Oil and petroleum products (excluding biofuel portion) | B27: Eurostat energy balance | C27: ktoe | D27: 270483.07 | E27: 274348.9 | F27: 276889.84 | G27: 271182.01 | H27: 262752.14 | I27: 260489.88 | J27: 258278.3 | K27: 247925.9 | L27: 245368.58 | M27: 248039.32 | N27: 251580.02 | O27: 257911.86 | P27: 262345.95 | Q27: 262127.38 | R27: 264124.08 | S27: 227702.74 | T27: 249154.43
A28: Electricity | B28: Eurostat energy balance | C28: ktoe | D28: 5162.098 | E28: 4996.349 | F28: 4908.985 | G28: 4851.788 | H28: 4765.8 | I28: 4831.706 | J28: 4952.236 | K28: 4903.61 | L28: 4913.854 | M28: 4778.688 | N28: 4844.611 | O28: 4939.947 | P28: 5024.902 | Q28: 5063.274 | R28: 5068.646 | S28: 4672.996 | T28: 5215.677
A29: Bioenergy | B29: Eurostat energy balance | C29: ktoe | D29: 3140.238 | E29: 5195.283 | F29: 7264.539 | G29: 8956.128 | H29: 10585.882 | I29: 12010.026 | J29: 12687.909 | K29: 13523.85 | L29: 12047.031 | M29: 12996.05 | N29: 13006.251 | O29: 12685.025 | P29: 13832.806 | Q29: 15264.786 | R29: 15824.299 | S29: 15997.395 | T29: 16746.338
A31: International maritime
B32: Source | C32: Unit | D32: 2005 | I32: 2010 | N32: 2015 | S32: 2020
A33: Total | B33: Eurostat energy balance | C33: ktoe | D33: 47197.778 | E33: 50311.868 | F33: 52464.315 | G33: 51884.183 | H33: 46334.866 | I33: 46700.957 | J33: 46535.697 | K33: 43487.329 | L33: 41030.763 | M33: 39836.329 | N33: 40311.578 | O33: 41540.203 | P33: 42178.037 | Q33: 43415.986 | R33: 43105.004 | S33: 39000.265 | T33: 40760.758
A34: Solid fossil fuels | B34: Eurostat energy balance | C34: ktoe | D34: 0 | E34: 0 | F34: 0 | G34: 0 | H34: 0 | I34: 0 | J34: 0 | K34: 0 | L34: 0 | M34: 0 | N34: 0 | O34: 0 | P34: 0 | Q34: 0 | R34: 0 | S34: 0 | T34: 0
A35: Manufactured gases | B35: Eurostat energy balance | C35: ktoe | D35: 0 | E35: 0 | F35: 0 | G35: 0 | H35: 0 | I35: 0 | J35: 0 | K35: 0 | L35: 0 | M35: 0 | N35: 0 | O35: 0 | P35: 0 | Q35: 0 | R35: 0 | S35: 0 | T35: 0
A36: Peat and peat products | B36: Eurostat energy balance | C36: ktoe | D36: 0 | E36: 0 | F36: 0 | G36: 0 | H36: 0 | I36: 0 | J36: 0 | K36: 0 | L36: 0 | M36: 0 | N36: 0 | O36: 0 | P36: 0 | Q36: 0 | R36: 0 | S36: 0 | T36: 0
A37: Natural gas | B37: Eurostat energy balance | C37: ktoe | D37: 0 | E37: 0 | F37: 0 | G37: 0 | H37: 0 | I37: 0 | J37: 0 | K37: 0 | L37: 0.315 | M37: 0.523 | N37: 5.384 | O37: 1.771 | P37: 49.946 | Q37: 62.757 | R37: 142.47 | S37: 180.764 | T37: 264.047
A38: Oil and petroleum products (excluding biofuel portion) | B38: Eurostat energy balance | C38: ktoe | D38: 47197.778 | E38: 50311.868 | F38: 52464.315 | G38: 51884.183 | H38: 46334.866 | I38: 46700.957 | J38: 46535.697 | K38: 43487.329 | L38: 41030.449 | M38: 39835.806 | N38: 40306.194 | O38: 41538.432 | P38: 42128.09 | Q38: 43336.539 | R38: 42915.162 | S38: 38583.15 | T38: 40330.599
A39: Electricity | B39: Eurostat energy balance | C39: ktoe | D39: 0 | E39: 0 | F39: 0 | G39: 0 | H39: 0 | I39: 0 | J39: 0 | K39: 0 | L39: 0 | M39: 0 | N39: 0 | O39: 0 | P39: 0 | Q39: 0 | R39: 0 | S39: 0 | T39: 0
A40: Bioenergy | B40: Eurostat energy balance | C40: ktoe | D40: 0 | E40: 0 | F40: 0 | G40: 0 | H40: 0 | I40: 0 | J40: 0 | K40: 0 | L40: 0.001 | M40: 0.002 | N40: 0.002 | O40: 0.004 | P40: 0.035 | Q40: 16.744 | R40: 47.642 | S40: 237.037 | T40: 167.44
A42: International aviation
B43: Source | C43: Unit | D43: 2005 | I43: 2010 | N43: 2015 | S43: 2020
A44: Total | B44: Eurostat energy balance | C44: ktoe | D44: 31148.203 | E44: 32737.146 | F44: 34156.138 | G44: 34790.878 | H44: 31853.638 | I44: 32120.035 | J44: 33070.273 | K44: 32613.426 | L44: 32756.397 | M44: 33171.779 | N44: 34568.166 | O44: 36227.853 | P44: 38957.262 | Q44: 41014.917 | R44: 41791.909 | S44: 18041.534 | T44: 21496.071
A45: Solid fossil fuels | B45: Eurostat energy balance | C45: ktoe | D45: 0 | E45: 0 | F45: 0 | G45: 0 | H45: 0 | I45: 0 | J45: 0 | K45: 0 | L45: 0 | M45: 0 | N45: 0 | O45: 0 | P45: 0 | Q45: 0 | R45: 0 | S45: 0 | T45: 0
A46: Manufactured gases | B46: Eurostat energy balance | C46: ktoe | D46: 0 | E46: 0 | F46: 0 | G46: 0 | H46: 0 | I46: 0 | J46: 0 | K46: 0 | L46: 0 | M46: 0 | N46: 0 | O46: 0 | P46: 0 | Q46: 0 | R46: 0 | S46: 0 | T46: 0
A47: Peat and peat products | B47: Eurostat energy balance | C47: ktoe | D47: 0 | E47: 0 | F47: 0 | G47: 0 | H47: 0 | I47: 0 | J47: 0 | K47: 0 | L47: 0 | M47: 0 | N47: 0 | O47: 0 | P47: 0 | Q47: 0 | R47: 0 | S47: 0 | T47: 0
A48: Natural gas | B48: Eurostat energy balance | C48: ktoe | D48: 0 | E48: 0 | F48: 0 | G48: 0 | H48: 0 | I48: 0 | J48: 0 | K48: 0 | L48: 0 | M48: 0 | N48: 0 | O48: 0 | P48: 0 | Q48: 0 | R48: 0 | S48: 0 | T48: 0
A49: Oil and petroleum products (excluding biofuel portion) | B49: Eurostat energy balance | C49: ktoe | D49: 31148.203 | E49: 32737.146 | F49: 34156.138 | G49: 34790.878 | H49: 31853.638 | I49: 32120.035 | J49: 33070.273 | K49: 32613.426 | L49: 32756.397 | M49: 33171.779 | N49: 34568.166 | O49: 36227.853 | P49: 38957.262 | Q49: 41014.912 | R49: 41791.909 | S49: 18041.534 | T49: 21496.071
A50: Electricity | B50: Eurostat energy balance | C50: ktoe | D50: 0 | E50: 0 | F50: 0 | G50: 0 | H50: 0 | I50: 0 | J50: 0 | K50: 0 | L50: 0 | M50: 0 | N50: 0 | O50: 0 | P50: 0 | Q50: 0 | R50: 0 | S50: 0 | T50: 0
A51: Bioenergy | B51: Eurostat energy balance | C51: ktoe | D51: 0 | E51: 0 | F51: 0 | G51: 0 | H51: 0 | I51: 0 | J51: 0 | K51: 0 | L51: 0 | M51: 0 | N51: 0 | O51: 0 | P51: 0 | Q51: 0.004 | R51: 0 | S51: 0 | T51: 0
A53: 2030 and 2050 benchmarks
B54: Source | C54: Unit | D54: 2005 | I54: 2010 | N54: 2015 | S54: 2020 | X54: 2025 | AC54: 2030 | AH54: 2035 | AM54: 2040 | AR54: 2045 | AW54: 2050
A55: Total incl. Bunkers | D55: =D56+D57+D58 -> 354993.12 | I55: =I56+I57+I58 -> 354072.75 | N55: =N56+N57+N58 -> 343118.48 | S55: =S56+S57+S58 -> 278467.95 | X55: =X56+X57+X58 -> 338308.99 | AC55: =AC56+AC57+AC58 -> 310078.23
A56: Total excl. Bunkers | B56: CTP Mix | C56: ktoe | D56: 276593 | I56: 275276 | N56: 268402 | S56: 229324 | X56: 254320 | AC56: 226570
A57: International aviation | B57: CTP Mix | C57: ktoe | D57: 31201.289 | I57: 32151.121 | N57: 35228.388 | S57: 18608.938 | X57: 40217.526 | AC57: 40020.369
A58: International maritime | B58: CTP Mix | C58: ktoe | D58: 47198.831 | I58: 46645.63 | N58: 39488.091 | S58: 30535.017 | X58: 43771.463 | AC58: 43487.857
A60: Electricity | B60: CTP Mix (IA part 2 figure 63) | C60: mtoe | AC60: 12.31725 | AW60: 43.138565
A61: Hydrogen | B61: CTP Mix (IA part 2 figure 63) | C61: mtoe | AC61: 0.95714993 | AW61: 39.971848
A62: E-Gas | B62: CTP Mix (IA part 2 figure 63) | C62: mtoe | AC62: 0.0043219485 | AW62: 6.4009767
A63: Biogas | B63: CTP Mix (IA part 2 figure 63) | C63: mtoe | AC63: 0.84222484 | AW63: 8.107444
A64: Natural Gas | B64: CTP Mix (IA part 2 figure 63) | C64: mtoe | AC64: 9.9857895 | AW64: 1.8289721
A65: Liquid Biofuel | B65: CTP Mix (IA part 2 figure 63) | C65: mtoe | AC65: 20.187916 | AW65: 40.693608
A66: E-Liquids | B66: CTP Mix (IA part 2 figure 63) | C66: mtoe | AC66: 0.62151918 | AW66: 37.994349
A67: Oil Products | B67: CTP Mix (IA part 2 figure 63) | C67: mtoe | AC67: 275.68914 | AW67: 27.022939
A68: TOTAL | B68: CTP Mix (IA part 2 figure 63) | C68: mtoe | AC68: 320.60531 | AW68: 205.1587
A70: % fossil fuels | AC70: =(AC67+AC64)/AC68 -> 0.89104865 | AW70: =(AW67+AW64)/AW68 -> 0.14063216

Sheet T6b. conventional biofuels
A1: Food-based biofuel demand
B2: Data source | C2: unit | D2: 2011 | H2: 2015 | M2: 2020 | R2: 2025 | W2: 2030 | AB2: 2035 | AG2: 2040 | AL2: 2045 | AQ2: 2050
A3: Biofuels from food crops | B3: SHARES summary sheet | C3: Mtoe | D3: 6.9099 | E3: 9.2096 | F3: 9.0131 | G3: 9.5666 | H3: 9.4332 | I3: 9.5188 | J3: 10.0395 | K3: 10.7365 | L3: 11.0285 | M3: 10.5653 | N3: 10.1542
A4: 2030 benchmark | B4: CTP MIX (see below) | W4: 11.4378
A5: 2050 benchmark | AQ5: 0
A6: linear trajectory | L6: 11.0285 | M6: 11.065709 | N6: 11.102918 | O6: 11.140127 | P6: 11.177336 | Q6: 11.214545 | R6: 11.251755 | S6: 11.288964 | T6: 11.326173 | U6: 11.363382 | V6: 11.400591 | W6: 11.4378 | X6: 10.86591 | Y6: 10.29402 | Z6: 9.72213 | AA6: 9.15024 | AB6: 8.57835 | AC6: 8.00646 | AD6: 7.43457 | AE6: 6.86268 | AF6: 6.29079 | AG6: 5.7189 | AH6: 5.14701 | AI6: 4.57512 | AJ6: 4.00323 | AK6: 3.43134 | AL6: 2.85945 | AM6: 2.28756 | AN6: 1.71567 | AO6: 1.14378 | AP6: 0.57189 | AQ6: 3.5527137e-15
B8: Data source | C8: unit | D8: 2011 | H8: 2015 | M8: 2020 | R8: 2025 | W8: 2030 | AB8: 2035 | AG8: 2040 | AL8: 2045 | AQ8: 2050
A9: Biofuels from food crops | B9: SHARES summary sheet | C9: TWh | D9: =D3*11.63 -> 80.362137 | E9: =E3*11.63 -> 107.10765 | F9: =F3*11.63 -> 104.82235 | G9: =G3*11.63 -> 111.25956 | H9: =H3*11.63 -> 109.70812 | I9: =I3*11.63 -> 110.70364 | J9: =J3*11.63 -> 116.75939 | K9: =K3*11.63 -> 124.86549 | ... N9: =N3*11.63 -> 118.09335
A10: 2030 benchmark | B10: CTP MIX (see below) | W10: =W4*11.63 -> 133.02161
A11: 2050 benchmark | AQ11: =AQ5*11.63 -> 0
A12: linear trajectory | L12: =L6*11.63 -> 128.26146 | M12: =M6*11.63 -> 128.6942 | N12: =N6*11.63 -> 129.12694 | O12: =O6*11.63 -> 129.55968 | P12: =P6*11.63 -> 129.99242 | Q12: =Q6*11.63 -> 130.42516 | R12: =R6*11.63 -> 130.85791 | S12: =S6*11.63 -> 131.29065 | ... AQ12: =AQ6*11.63 -> 4.131806e-14
A14: Conventional biofuel share | B14: CTP MIX | C14: % | W14: 0.05
A15: total energy use | B15: CTP MIX | C15: Mtoe | W15: =228756/1000 -> 228.756
A16: Conventional biofuel use | B16: calculated | C16: Mtoe | W16: =W14*W15 -> 11.4378
A18: Change 2015-2019 | D18: =AVERAGE(L9-K9,K9-J9,J9-I9,I9-H9) -> 4.6383347
A19: Change 2019-2030 | D19: =(W10-L9)/11 -> 0.43274173
A20: Change 2031-2050 | D20: =Y12-X12 -> -6.6510807
A26: Share of first gen in total biofuels | D26: =D9/('T6a. % of fossil fuels'!J29/1000) -> 6.3337574 | E26: =E9/('T6a. % of fossil fuels'!K29/1000) -> 7.919908 | F26: =F9/('T6a. % of fossil fuels'!L29/1000) -> 8.7010943 | G26: =G9/('T6a. % of fossil fuels'!M29/1000) -> 8.5610288 | H26: =H9/('T6a. % of fossil fuels'!N29/1000) -> 8.4350299 | I26: =I9/('T6a. % of fossil fuels'!O29/1000) -> 8.7271128 | J26: =J9/('T6a. % of fossil fuels'!P29/1000) -> 8.4407592 | K26: =K9/('T6a. % of fossil fuels'!Q29/1000) -> 8.1799702 | ... N26: =N9/('T6a. % of fossil fuels'!T29/1000) -> 7.0518907
A29: Indicator T6b

Sheet 3. modal split freight
A1: Modal shares land transport
B2: Source | C2: Unit | I2: 2010 | S2: 2020 | AC2: 2030 | AM2: 2040 | AW2: 2050
A3: Road | B3: Eurostat Statistical Pocketbook 2022 | C3: % | D3: ='T2b. total demand freight'!D4/'T2b. total demand freight'!D$3 -> 0.74864829 | E3: ='T2b. total demand freight'!E4/'T2b. total demand freight'!E$3 -> 0.74712847 | F3: ='T2b. total demand freight'!F4/'T2b. total demand freight'!F$3 -> 0.74662081 | G3: ='T2b. total demand freight'!G4/'T2b. total demand freight'!G$3 -> 0.74673667 | H3: ='T2b. total demand freight'!H4/'T2b. total demand freight'!H$3 -> 0.76058976 | I3: ='T2b. total demand freight'!I4/'T2b. total demand freight'!I$3 -> 0.74608981 | J3: ='T2b. total demand freight'!J4/'T2b. total demand freight'!J$3 -> 0.73954107 | K3: ='T2b. total demand freight'!K4/'T2b. total demand freight'!K$3 -> 0.73470986 | ... S3: ='T2b. total demand freight'!S4/'T2b. total demand freight'!S$3 -> 0.77416135
A4: Rail | B4: Eurostat Statistical Pocketbook 2022 | C4: % | D4: ='T2b. total demand freight'!D5/'T2b. total demand freight'!D$3 -> 0.18601115 | E4: ='T2b. total demand freight'!E5/'T2b. total demand freight'!E$3 -> 0.18976706 | F4: ='T2b. total demand freight'!F5/'T2b. total demand freight'!F$3 -> 0.18943165 | G4: ='T2b. total demand freight'!G5/'T2b. total demand freight'!G$3 -> 0.18782917 | H4: ='T2b. total demand freight'!H5/'T2b. total demand freight'!H$3 -> 0.1728507 | I4: ='T2b. total demand freight'!I5/'T2b. total demand freight'!I$3 -> 0.17952348 | J4: ='T2b. total demand freight'!J5/'T2b. total demand freight'!J$3 -> 0.19242358 | K4: ='T2b. total demand freight'!K5/'T2b. total demand freight'!K$3 -> 0.19099952 | ... S4: ='T2b. total demand freight'!S5/'T2b. total demand freight'!S$3 -> 0.16739188
A5: IWW | B5: Eurostat Statistical Pocketbook 2022 | C5: % | D5: ='T2b. total demand freight'!D6/'T2b. total demand freight'!D$3 -> 0.065340556 | E5: ='T2b. total demand freight'!E6/'T2b. total demand freight'!E$3 -> 0.063104467 | F5: ='T2b. total demand freight'!F6/'T2b. total demand freight'!F$3 -> 0.06394754 | G5: ='T2b. total demand freight'!G6/'T2b. total demand freight'!G$3 -> 0.065434159 | H5: ='T2b. total demand freight'!H6/'T2b. total demand freight'!H$3 -> 0.066559534 | I5: ='T2b. total demand freight'!I6/'T2b. total demand freight'!I$3 -> 0.074386703 | J5: ='T2b. total demand freight'!J6/'T2b. total demand freight'!J$3 -> 0.068035346 | K5: ='T2b. total demand freight'!K6/'T2b. total demand freight'!K$3 -> 0.074290621 | ... S5: ='T2b. total demand freight'!S6/'T2b. total demand freight'!S$3 -> 0.058446767
A6: Benchmark - road | B6: CTP-MIX | C6: % | AC6: ='T2b. total demand freight'!AC56/'T2b. total demand freight'!AC$55 -> 0.71994121 | AW6: ='T2b. total demand freight'!AW79/'T2b. total demand freight'!AW$78 -> 0.67162862
A7: Benchmark - rail | B7: CTP-MIX | C7: % | AC7: ='T2b. total demand freight'!AC57/'T2b. total demand freight'!AC$55 -> 0.21310544 | AW7: ='T2b. total demand freight'!AW80/'T2b. total demand freight'!AW$78 -> 0.25559864
A8: Benchmark - IWW | B8: CTP-MIX | C8: % | AC8: ='T2b. total demand freight'!AC59/'T2b. total demand freight'!AC$55 -> 0.066953346 | AW8: ='T2b. total demand freight'!AW81/'T2b. total demand freight'!AW$78 -> 0.072772734
A9: linear trajectories | C9: % | S9: 0.77416135 | T9: 0.76873933 | U9: 0.76331732 | V9: 0.75789531 | W9: 0.75247329 | X9: 0.74705128 | Y9: 0.74162927 | Z9: 0.73620725 | AA9: 0.73078524 | AB9: 0.72536323 | AC9: 0.71994121 | AD9: 0.71752558 | AE9: 0.71510995 | AF9: 0.71269433 | AG9: 0.7102787 | AH9: 0.70786307 | AI9: 0.70544744 | AJ9: 0.70303181 | AK9: 0.70061618 | AL9: 0.69820055 | AM9: 0.69578492 | AN9: 0.69336929 | AO9: 0.69095366 | AP9: 0.68853803 | AQ9: 0.6861224 | AR9: 0.68370677 | AS9: 0.68129114 | AT9: 0.67887551 | AU9: 0.67645988 | AV9: 0.67404425 | AW9: 0.67162862
A10: linear trajectories | C10: % | S10: 0.16739188 | T10: 0.17196324 | U10: 0.1765346 | V10: 0.18110595 | W10: 0.18567731 | X10: 0.19024866 | Y10: 0.19482002 | Z10: 0.19939137 | AA10: 0.20396273 | AB10: 0.20853409 | AC10: 0.21310544 | AD10: 0.2152301 | AE10: 0.21735476 | AF10: 0.21947942 | AG10: 0.22160408 | AH10: 0.22372874 | AI10: 0.2258534 | AJ10: 0.22797806 | AK10: 0.23010272 | AL10: 0.23222738 | AM10: 0.23435204 | AN10: 0.2364767 | AO10: 0.23860136 | AP10: 0.24072602 | AQ10: 0.24285068 | AR10: 0.24497534 | AS10: 0.2471 | AT10: 0.24922466 | AU10: 0.25134932 | AV10: 0.25347398 | AW10: 0.25559864
A11: linear trajectories | C11: % | S11: 0.058446767 | T11: 0.059297425 | U11: 0.060148083 | V11: 0.060998741 | W11: 0.061849399 | X11: 0.062700057 | Y11: 0.063550714 | Z11: 0.064401372 | AA11: 0.06525203 | AB11: 0.066102688 | AC11: 0.066953346 | AD11: 0.067244315 | AE11: 0.067535285 | AF11: 0.067826254 | AG11: 0.068117224 | AH11: 0.068408193 | AI11: 0.068699162 | AJ11: 0.068990132 | AK11: 0.069281101 | AL11: 0.069572071 | AM11: 0.06986304 | AN11: 0.070154009 | AO11: 0.070444979 | AP11: 0.070735948 | AQ11: 0.071026918 | AR11: 0.071317887 | AS11: 0.071608856 | AT11: 0.071899826 | AU11: 0.072190795 | AV11: 0.072481764 | AW11: 0.072772734
A13: % of road
A15: Change 2015-2019 | D15: =AVERAGE(R3-Q3,Q3-P3,P3-O3,O3-N3) -> 0.0055377203
A16: Change 2019-2030 | D16: =(AC6-R3)/11 -> -0.0039310249
A17: Change 2031-2050 | D17: =(AW9-AC9)/20 -> -0.0024156294
A18: % of rail
A20: Change 2015-2019 | D20: =AVERAGE(R4-Q4,Q4-P4,P4-O4,O4-N4) -> -0.0031643092
A21: Change 2019-2030 | D21: =(AW10-AC10)/20 -> 0.00212466
A22: Change 2031-2050 | D22: =(AW7-AC7)/20 -> 0.00212466
A23: % of IWW
A25: Change 2015-2019 | D25: =AVERAGE(R5-Q5,Q5-P5,P5-O5,O5-N5) -> -0.0023734111
A26: Change 2019-2030 | D26: =(AC8-R5)/11 -> 0.00059466825
A27: Change 2031-2050 | D27: =(AW11-AC11)/20 -> 0.00029096939
A29: Rail
B30: Source | C30: Unit | D30: 2005 | I30: 2010 | S30: 2020 | AC30: 2030 | AM30: 2040 | AW30: 2050
A31: Historic | B31: Eurostat Statistical Pocketbook 2022 | C31: billion tkm | D31: ='T2b. total demand freight'!D46 -> 394.597 | E31: ='T2b. total demand freight'!E46 -> 416.246 | F31: ='T2b. total demand freight'!F46 -> 430.724 | G31: ='T2b. total demand freight'!G46 -> 421.686 | H31: ='T2b. total demand freight'!H46 -> 344.369 | I31: ='T2b. total demand freight'!I46 -> 374.955 | J31: ='T2b. total demand freight'!J46 -> 401.122 | K31: ='T2b. total demand freight'!K46 -> 385.189 | ... S31: ='T2b. total demand freight'!S46 -> 377.307
A32: 2030 benchmark | B32: SSMS | C32: billion tkm | AC32: =1.5*N31 -> 597.7755
A33: 2050 benchmark | B33: SSMS | C33: billion tkm | AW33: =2*N31 -> 797.034
A34: Linear trajectory to benchmarks | R34: 407.921 | S34: 425.1805 | T34: 442.44 | U34: 459.6995 | V34: 476.959 | W34: 494.2185 | X34: 511.478 | Y34: 528.7375 | Z34: 545.997 | AA34: 563.2565 | AB34: 580.516 | AC34: 597.7755 | AD34: 607.73843 | AE34: 617.70135 | AF34: 627.66428 | AG34: 637.6272 | AH34: 647.59013 | AI34: 657.55305 | AJ34: 667.51598 | AK34: 677.4789 | AL34: 687.44183 | AM34: 697.40475 | AN34: 707.36768 | AO34: 717.3306 | AP34: 727.29353 | AQ34: 737.25645 | AR34: 747.21938 | AS34: 757.1823 | AT34: 767.14523 | AU34: 777.10815 | AV34: 787.07108 | AW34: 797.034
A36: Change 2015-2019 | D36: =AVERAGE(R31-Q31,Q31-P31,P31-O31,O31-N31) -> 2.351
A37: Change 2019-2030 | D37: =(AC34-R31)/11 -> 17.2595 | E37: =D37/D36 -> 7.3413441
A38: Change 2031-2050 | D38: =(AW34-AC34)/20 -> 9.962925 | E38: =D38/D36 -> 4.2377393
A40: IWW
B41: Source | C41: Unit | D41: 2005 | I41: 2010 | S41: 2020 | AC41: 2030 | AM41: 2040 | AW41: 2050
A42: Historic | B42: Eurostat Statistical Pocketbook 2022 | C42: billion tkm | D42: ='T2b. total demand freight'!D47 -> 138.61097 | E42: ='T2b. total demand freight'!E47 -> 138.41697 | F42: ='T2b. total demand freight'!F47 -> 145.402 | G42: ='T2b. total demand freight'!G47 -> 146.903 | H42: ='T2b. total demand freight'!H47 -> 132.606 | I42: ='T2b. total demand freight'!I47 -> 155.365 | J42: ='T2b. total demand freight'!J47 -> 141.825 | K42: ='T2b. total demand freight'!K47 -> 149.822 | ... S42: ='T2b. total demand freight'!S47 -> 131.741
A43: 2030 benchmark | B43: SSMS | C43: billion tkm | AC43: =1.25*N42 -> 184.18875
A44: 2050 benchmark | B44: SSMS | C44: billion tkm | AW44: =1.5*N42 -> 221.0265
A45: Linear trajectory to benchmarks | R45: 139.697 | S45: 143.7417 | T45: 147.78641 | U45: 151.83111 | V45: 155.87582 | W45: 159.92052 | X45: 163.96523 | Y45: 168.00993 | Z45: 172.05464 | AA45: 176.09934 | AB45: 180.14405 | AC45: 184.18875 | AD45: 186.03064 | AE45: 187.87253 | AF45: 189.71441 | AG45: 191.5563 | AH45: 193.39819 | AI45: 195.24008 | AJ45: 197.08196 | AK45: 198.92385 | AL45: 200.76574 | AM45: 202.60763 | AN45: 204.44951 | AO45: 206.2914 | AP45: 208.13329 | AQ45: 209.97518 | AR45: 211.81706 | AS45: 213.65895 | AT45: 215.50084 | AU45: 217.34273 | AV45: 219.18461 | AW45: 221.0265
A47: Change 2015-2019 | D47: =AVERAGE(R42-Q42,Q42-P42,P42-O42,O42-N42) -> -1.9135
A48: Change 2019-2030 | D48: =(AC45-R42)/11 -> 4.0447045
A49: Change 2031-2050 1 | D49: =(AW45-AC45)/20 -> 1.8418875

Sheet Colour palette
S1: 2020 | T1: 2021 | U1: 2022 | V1: 2023 | W1: 2024 | X1: 2025 | Y1: 2026 | Z1: 2027 | AA1: 2028 | AB1: 2029 | AC1: 2030 | AD1: 2031 | AE1: 2032 | AF1: 2033 | AG1: 2034 | AH1: 2035 | AI1: 2036 | AJ1: 2037 | AK1: 2038 | AL1: 2039 | AM1: 2040 | AN1: 2041 | AO1: 2042 | AP1: 2043 | AQ1: 2044 | AR1: 2045 | AS1: 2046 | AT1: 2047 | AU1: 2048 | AV1: 2049 | AW1: 2050
Q2: Demand-side Focus Pathway | R2: 1 | S2: 1 | T2: 0.98 | U2: 0.96 | V2: 0.94 | W2: 0.92 | X2: 0.9 | Y2: 0.88 | Z2: 0.86 | AA2: 0.85 | AB2: 0.83 | AC2: 0.81 | AD2: 0.79 | AE2: 0.77 | AF2: 0.75 | AG2: 0.73 | AH2: 0.71 | AI2: 0.69 | AJ2: 0.67 | AK2: 0.65 | AL2: 0.63 | AM2: 0.61 | AN2: 0.6 | AO2: 0.58 | AP2: 0.57 | AQ2: 0.56 | AR2: 0.54 | AS2: 0.53 | AT2: 0.52 | AU2: 0.51 | AV2: 0.5 | AW2: 0.49
Q3: High Renewable Energy Pathway | R3: 1 | S3: 1 | T3: 0.99 | U3: 0.99 | V3: 0.98 | W3: 0.97 | X3: 0.96 | Y3: 0.94 | Z3: 0.92 | AA3: 0.89 | AB3: 0.87 | AC3: 0.85 | AD3: 0.83 | AE3: 0.8 | AF3: 0.78 | AG3: 0.75 | AH3: 0.73 | AI3: 0.71 | AJ3: 0.69 | AK3: 0.67 | AL3: 0.64 | AM3: 0.62 | AN3: 0.61 | AO3: 0.6 | AP3: 0.59 | AQ3: 0.58 | AR3: 0.56 | AS3: 0.56 | AT3: 0.55 | AU3: 0.55 | AV3: 0.55 | AW3: 0.54
B4: Font and colours: | E4: Half page width: | Q4: Mixed Options Pathway | R4: 1 | S4: 1.01 | T4: 0.99 | U4: 0.98 | V4: 0.96 | W4: 0.95 | X4: 0.93 | Y4: 0.92 | Z4: 0.9 | AA4: 0.89 | AB4: 0.88 | AC4: 0.86 | AD4: 0.85 | AE4: 0.83 | AF4: 0.82 | AG4: 0.8 | AH4: 0.79 | AI4: 0.78 | AJ4: 0.77 | AK4: 0.77 | AL4: 0.76 | AM4: 0.76 | AN4: 0.76 | AO4: 0.76 | AP4: 0.76 | AQ4: 0.76 | AR4: 0.76 | AS4: 0.76 | AT4: 0.76 | AU4: 0.77 | AV4: 0.77 | AW4: 0.77
Q5: #REF! | R5: 1 | S5: 1 | T5: 0.99 | U5: 0.97 | V5: 0.95 | W5: 0.93 | X5: 0.91 | Y5: 0.9 | Z5: 0.88 | AA5: 0.86 | AB5: 0.84 | AC5: 0.83 | AD5: 0.81 | AE5: 0.79 | AF5: 0.77 | AG5: 0.76 | AH5: 0.74 | AI5: 0.73 | AJ5: 0.72 | AK5: 0.72 | AL5: 0.71 | AM5: 0.7 | AN5: 0.7 | AO5: 0.7 | AP5: 0.7 | AQ5: 0.7 | AR5: 0.7 | AS5: 0.7 | AT5: 0.71 | AU5: 0.71 | AV5: 0.71 | AW5: 0.71
A6: Font: | B6: Segoe UI, size 8 | Q6: #REF! | R6: 1 | S6: 1 | T6: 0.99 | U6: 0.97 | V6: 0.96 | W6: 0.95 | X6: 0.94 | Y6: 0.93 | Z6: 0.91 | AA6: 0.9 | AB6: 0.88 | AC6: 0.87 | AD6: 0.85 | AE6: 0.83 | AF6: 0.81 | AG6: 0.79 | AH6: 0.77 | AI6: 0.76 | AJ6: 0.74 | AK6: 0.72 | AL6: 0.71 | AM6: 0.69 | AN6: 0.69 | AO6: 0.68 | AP6: 0.68 | AQ6: 0.68 | AR6: 0.67 | AS6: 0.67 | AT6: 0.67 | AU6: 0.66 | AV6: 0.66 | AW6: 0.66
B7: Signature colour | Q7: #REF! | R7: 1 | S7: 1 | T7: 0.98 | U7: 0.96 | V7: 0.94 | W7: 0.92 | X7: 0.9 | Y7: 0.88 | Z7: 0.86 | AA7: 0.84 | AB7: 0.83 | AC7: 0.81 | AD7: 0.79 | AE7: 0.77 | AF7: 0.75 | AG7: 0.73 | AH7: 0.71 | AI7: 0.7 | AJ7: 0.7 | AK7: 0.69 | AL7: 0.68 | AM7: 0.68 | AN7: 0.68 | AO7: 0.69 | AP7: 0.69 | AQ7: 0.7 | AR7: 0.7 | AS7: 0.71 | AT7: 0.71 | AU7: 0.71 | AV7: 0.71 | AW7: 0.71
Q8: #REF! | R8: 1 | S8: 1 | T8: 0.99 | U8: 0.99 | V8: 0.98 | W8: 0.97 | X8: 0.96 | Y8: 0.94 | Z8: 0.92 | AA8: 0.89 | AB8: 0.87 | AC8: 0.85 | AD8: 0.83 | AE8: 0.8 | AF8: 0.78 | AG8: 0.76 | AH8: 0.73 | AI8: 0.71 | AJ8: 0.69 | AK8: 0.67 | AL8: 0.65 | AM8: 0.63 | AN8: 0.62 | AO8: 0.6 | AP8: 0.59 | AQ8: 0.58 | AR8: 0.57 | AS8: 0.56 | AT8: 0.56 | AU8: 0.55 | AV8: 0.55 | AW8: 0.54
A9: Gridlines: | B9: Signature colour | Q9: #REF! | R9: 1 | S9: 1 | T9: 0.99 | U9: 0.99 | V9: 0.98 | W9: 0.97 | X9: 0.96 | Y9: 0.94 | Z9: 0.92 | AA9: 0.89 | AB9: 0.87 | AC9: 0.85 | AD9: 0.83 | AE9: 0.8 | AF9: 0.78 | AG9: 0.76 | AH9: 0.73 | AI9: 0.71 | AJ9: 0.69 | AK9: 0.67 | AL9: 0.65 | AM9: 0.63 | AN9: 0.62 | AO9: 0.6 | AP9: 0.59 | AQ9: 0.58 | AR9: 0.57 | AS9: 0.56 | AT9: 0.56 | AU9: 0.55 | AV9: 0.55 | AW9: 0.54
B10: Transparency: 90% | Q10: #REF! | R10: 1 | S10: 1 | T10: 0.99 | U10: 0.99 | V10: 0.98 | W10: 0.97 | X10: 0.96 | Y10: 0.94 | Z10: 0.92 | AA10: 0.89 | AB10: 0.87 | AC10: 0.85 | AD10: 0.82 | AE10: 0.8 | AF10: 0.77 | AG10: 0.75 | AH10: 0.73 | AI10: 0.7 | AJ10: 0.68 | AK10: 0.66 | AL10: 0.64 | AM10: 0.61 | AN10: 0.6 | AO10: 0.59 | AP10: 0.58 | AQ10: 0.57 | AR10: 0.56 | AS10: 0.56 | AT10: 0.56 | AU10: 0.55 | AV10: 0.55 | AW10: 0.55
Q11: #REF! | R11: 1 | S11: 1 | T11: 0.99 | U11: 0.99 | V11: 0.98 | W11: 0.97 | X11: 0.96 | Y11: 0.94 | Z11: 0.92 | AA11: 0.89 | AB11: 0.87 | AC11: 0.85 | AD11: 0.82 | AE11: 0.8 | AF11: 0.77 | AG11: 0.75 | AH11: 0.73 | AI11: 0.7 | AJ11: 0.68 | AK11: 0.66 | AL11: 0.64 | AM11: 0.62 | AN11: 0.6 | AO11: 0.59 | AP11: 0.58 | AQ11: 0.57 | AR11: 0.56 | AS11: 0.56 | AT11: 0.56 | AU11: 0.55 | AV11: 0.55 | AW11: 0.55
A12: Lines: | B12: High width: 2.25 pt | Q12: #REF! | R12: #N/A | S12: #N/A | T12: #N/A | U12: #N/A | V12: #N/A | W12: #N/A | X12: #N/A | Y12: #N/A | Z12: #N/A | AA12: #N/A | AB12: #N/A | AC12: #N/A | AD12: #N/A | AE12: #N/A | AF12: #N/A | AG12: #N/A | AH12: #N/A | AI12: #N/A | AJ12: #N/A | AK12: #N/A | AL12: #N/A | AM12: #N/A | AN12: #N/A | AO12: #N/A | AP12: #N/A | AQ12: #N/A | AR12: #N/A | AS12: #N/A | AT12: #N/A | AU12: #N/A | AV12: #N/A | AW12: #N/A
B13: Low width: 0.25 pt | Q13: #REF! | R13: #N/A | S13: #N/A | T13: #N/A | U13: #N/A | V13: #N/A | W13: #N/A | X13: #N/A | Y13: #N/A | Z13: #N/A | AA13: #N/A | AB13: #N/A | AC13: #N/A | AD13: #N/A | AE13: #N/A | AF13: #N/A | AG13: #N/A | AH13: #N/A | AI13: #N/A | AJ13: #N/A | AK13: #N/A | AL13: #N/A | AM13: #N/A | AN13: #N/A | AO13: #N/A | AP13: #N/A | AQ13: #N/A | AR13: #N/A | AS13: #N/A | AT13: #N/A | AU13: #N/A | AV13: #N/A | AW13: #N/A
Q14: #REF! | R14: 1 | S14: 1 | T14: 0.99 | U14: 0.99 | V14: 0.98 | W14: 0.97 | X14: 0.96 | Y14: 0.94 | Z14: 0.92 | AA14: 0.89 | AB14: 0.87 | AC14: 0.85 | AD14: 0.82 | AE14: 0.8 | AF14: 0.78 | AG14: 0.75 | AH14: 0.73 | AI14: 0.71 | AJ14: 0.68 | AK14: 0.66 | AL14: 0.64 | AM14: 0.62 | AN14: 0.61 | AO14: 0.59 | AP14: 0.58 | AQ14: 0.57 | AR14: 0.56 | AS14: 0.56 | AT14: 0.55 | AU14: 0.55 | AV14: 0.55 | AW14: 0.54
A15: Colours: | B15: Primary colour palette | Q15: #REF! | R15: 1 | S15: 1 | T15: 0.99 | U15: 0.99 | V15: 0.98 | W15: 0.97 | X15: 0.96 | Y15: 0.94 | Z15: 0.92 | AA15: 0.89 | AB15: 0.87 | AC15: 0.85 | AD15: 0.82 | AE15: 0.79 | AF15: 0.77 | AG15: 0.74 | AH15: 0.71 | AI15: 0.69 | AJ15: 0.67 | AK15: 0.65 | AL15: 0.62 | AM15: 0.6 | AN15: 0.59 | AO15: 0.58 | AP15: 0.58 | AQ15: 0.57 | AR15: 0.56 | AS15: 0.56 | AT15: 0.55 | AU15: 0.55 | AV15: 0.55 | AW15: 0.55
Q16: #REF! | R16: 1 | S16: 1.01 | T16: 0.99 | U16: 0.98 | V16: 0.97 | W16: 0.95 | X16: 0.94 | Y16: 0.93 | Z16: 0.91 | AA16: 0.9 | AB16: 0.89 | AC16: 0.87 | AD16: 0.86 | AE16: 0.85 | AF16: 0.83 | AG16: 0.82 | AH16: 0.8 | AI16: 0.79 | AJ16: 0.78 | AK16: 0.77 | AL16: 0.76 | AM16: 0.75 | AN16: 0.75 | AO16: 0.75 | AP16: 0.75 | AQ16: 0.75 | AR16: 0.75 | AS16: 0.76 | AT16: 0.76 | AU16: 0.76 | AV16: 0.76 | AW16: 0.77
Q17: #REF! | R17: #N/A | S17: #N/A | T17: #N/A | U17: #N/A | V17: #N/A | W17: #N/A | X17: #N/A | Y17: #N/A | Z17: #N/A | AA17: #N/A | AB17: #N/A | AC17: #N/A | AD17: #N/A | AE17: #N/A | AF17: #N/A | AG17: #N/A | AH17: #N/A | AI17: #N/A | AJ17: #N/A | AK17: #N/A | AL17: #N/A | AM17: #N/A | AN17: #N/A | AO17: #N/A | AP17: #N/A | AQ17: #N/A | AR17: #N/A | AS17: #N/A | AT17: #N/A | AU17: #N/A | AV17: #N/A | AW17: #N/A
Q18: #REF! | R18: 1 | S18: 1 | T18: 0.99 | U18: 0.99 | V18: 0.98 | W18: 0.97 | X18: 0.96 | Y18: 0.94 | Z18: 0.92 | AA18: 0.89 | AB18: 0.87 | AC18: 0.85 | AD18: 0.82 | AE18: 0.8 | AF18: 0.77 | AG18: 0.75 | AH18: 0.72 | AI18: 0.7 | AJ18: 0.68 | AK18: 0.66 | AL18: 0.64 | AM18: 0.61 | AN18: 0.6 | AO18: 0.59 | AP18: 0.58 | AQ18: 0.57 | AR18: 0.56 | AS18: 0.56 | AT18: 0.55 | AU18: 0.55 | AV18: 0.55 | AW18: 0.54
B19: Primary colour palette | Q19: #REF! | R19: 1 | S19: 1 | T19: 0.99 | U19: 0.99 | V19: 0.98 | W19: 0.97 | X19: 0.96 | Y19: 0.94 | Z19: 0.92 | AA19: 0.89 | AB19: 0.87 | AC19: 0.85 | AD19: 0.82 | AE19: 0.8 | AF19: 0.77 | AG19: 0.75 | AH19: 0.72 | AI19: 0.7 | AJ19: 0.68 | AK19: 0.66 | AL19: 0.64 | AM19: 0.61 | AN19: 0.6 | AO19: 0.59 | AP19: 0.58 | AQ19: 0.57 | AR19: 0.56 | AS19: 0.56 | AT19: 0.56 | AU19: 0.55 | AV19: 0.55 | AW19: 0.54
Q20: #REF! | R20: #N/A | S20: #N/A | T20: #N/A | U20: #N/A | V20: #N/A | W20: #N/A | X20: #N/A | Y20: #N/A | Z20: #N/A | AA20: #N/A | AB20: #N/A | AC20: #N/A | AD20: #N/A | AE20: #N/A | AF20: #N/A | AG20: #N/A | AH20: #N/A | AI20: #N/A | AJ20: #N/A | AK20: #N/A | AL20: #N/A | AM20: #N/A | AN20: #N/A | AO20: #N/A | AP20: #N/A | AQ20: #N/A | AR20: #N/A | AS20: #N/A | AT20: #N/A | AU20: #N/A | AV20: #N/A | AW20: #N/A
B21: Primary colour palette | Q21: #REF! | R21: #N/A | S21: #N/A | T21: #N/A | U21: #N/A | V21: #N/A | W21: #N/A | X21: #N/A | Y21: #N/A | Z21: #N/A | AA21: #N/A | AB21: #N/A | AC21: #N/A | AD21: #N/A | AE21: #N/A | AF21: #N/A | AG21: #N/A | AH21: #N/A | AI21: #N/A | AJ21: #N/A | AK21: #N/A | AL21: #N/A | AM21: #N/A | AN21: #N/A | AO21: #N/A | AP21: #N/A | AQ21: #N/A | AR21: #N/A | AS21: #N/A | AT21: #N/A | AU21: #N/A | AV21: #N/A | AW21: #N/A
Q22: #REF! | R22: 1 | S22: 1 | T22: 0.99 | U22: 0.98 | V22: 0.98 | W22: 0.97 | X22: 0.96 | Y22: 0.94 | Z22: 0.92 | AA22: 0.89 | AB22: 0.87 | AC22: 0.85 | AD22: 0.82 | AE22: 0.8 | AF22: 0.77 | AG22: 0.75 | AH22: 0.73 | AI22: 0.7 | AJ22: 0.68 | AK22: 0.66 | AL22: 0.64 | AM22: 0.62 | AN22: 0.6 | AO22: 0.59 | AP22: 0.58 | AQ22: 0.57 | AR22: 0.56 | AS22: 0.56 | AT22: 0.55 | AU22: 0.55 | AV22: 0.54 | AW22: 0.54
Q23: #REF! | R23: 1 | S23: 1 | T23: 0.99 | U23: 0.99 | V23: 0.98 | W23: 0.97 | X23: 0.96 | Y23: 0.94 | Z23: 0.92 | AA23: 0.89 | AB23: 0.87 | AC23: 0.84 | AD23: 0.82 | AE23: 0.79 | AF23: 0.77 | AG23: 0.74 | AH23: 0.71 | AI23: 0.69 | AJ23: 0.67 | AK23: 0.65 | AL23: 0.63 | AM23: 0.6 | AN23: 0.6 | AO23: 0.59 | AP23: 0.58 | AQ23: 0.57 | AR23: 0.56 | AS23: 0.56 | AT23: 0.56 | AU23: 0.55 | AV23: 0.55 | AW23: 0.55
B24: Primary colour palette | Q24: #REF! | R24: #N/A | S24: #N/A | T24: #N/A | U24: #N/A | V24: #N/A | W24: #N/A | X24: #N/A | Y24: #N/A | Z24: #N/A | AA24: #N/A | AB24: #N/A | AC24: #N/A | AD24: #N/A | AE24: #N/A | AF24: #N/A | AG24: #N/A | AH24: #N/A | AI24: #N/A | AJ24: #N/A | AK24: #N/A | AL24: #N/A | AM24: #N/A | AN24: #N/A | AO24: #N/A | AP24: #N/A | AQ24: #N/A | AR24: #N/A | AS24: #N/A | AT24: #N/A | AU24: #N/A | AV24: #N/A | AW24: #N/A
Q25: #REF! | R25: 1 | S25: 1 | T25: 0.99 | U25: 0.99 | V25: 0.98 | W25: 0.97 | X25: 0.96 | Y25: 0.94 | Z25: 0.92 | AA25: 0.89 | AB25: 0.87 | AC25: 0.85 | AD25: 0.83 | AE25: 0.81 | AF25: 0.8 | AG25: 0.78 | AH25: 0.76 | AI25: 0.74 | AJ25: 0.72 | AK25: 0.7 | AL25: 0.68 | AM25: 0.66 | AN25: 0.65 | AO25: 0.64 | AP25: 0.63 | AQ25: 0.62 | AR25: 0.61 | AS25: 0.61 | AT25: 0.61 | AU25: 0.61 | AV25: 0.61 | AW25: 0.6
E26: Full page width: | Q26: #REF! | R26: 1 | S26: 1 | T26: 0.99 | U26: 0.99 | V26: 0.98 | W26: 0.97 | X26: 0.96 | Y26: 0.94 | Z26: 0.92 | AA26: 0.89 | AB26: 0.87 | AC26: 0.85 | AD26: 0.83 | AE26: 0.81 | AF26: 0.8 | AG26: 0.78 | AH26: 0.76 | AI26: 0.74 | AJ26: 0.72 | AK26: 0.7 | AL26: 0.68 | AM26: 0.66 | AN26: 0.65 | AO26: 0.64 | AP26: 0.63 | AQ26: 0.62 | AR26: 0.61 | AS26: 0.61 | AT26: 0.61 | AU26: 0.61 | AV26: 0.61 | AW26: 0.6
Q27: #REF! | R27: 1 | S27: 1.01 | T27: 0.99 | U27: 0.98 | V27: 0.96 | W27: 0.95 | X27: 0.94 | Y27: 0.92 | Z27: 0.91 | AA27: 0.89 | AB27: 0.88 | AC27: 0.87 | AD27: 0.85 | AE27: 0.84 | AF27: 0.82 | AG27: 0.81 | AH27: 0.79 | AI27: 0.78 | AJ27: 0.78 | AK27: 0.77 | AL27: 0.76 | AM27: 0.75 | AN27: 0.75 | AO27: 0.75 | AP27: 0.75 | AQ27: 0.75 | AR27: 0.75 | AS27: 0.75 | AT27: 0.75 | AU27: 0.76 | AV27: 0.76 | AW27: 0.76
Q28: #REF! | R28: #N/A | S28: #N/A | T28: #N/A | U28: #N/A | V28: #N/A | W28: #N/A | X28: #N/A | Y28: #N/A | Z28: #N/A | AA28: #N/A | AB28: #N/A | AC28: #N/A | AD28: #N/A | AE28: #N/A | AF28: #N/A | AG28: #N/A | AH28: #N/A | AI28: #N/A | AJ28: #N/A | AK28: #N/A | AL28: #N/A | AM28: #N/A | AN28: #N/A | AO28: #N/A | AP28: #N/A | AQ28: #N/A | AR28: #N/A | AS28: #N/A | AT28: #N/A | AU28: #N/A | AV28: #N/A | AW28: #N/A
Q29: #REF! | R29: #N/A | S29: #N/A | T29: #N/A | U29: #N/A | V29: #N/A | W29: #N/A | X29: #N/A | Y29: #N/A | Z29: #N/A | AA29: #N/A | AB29: #N/A | AC29: #N/A | AD29: #N/A | AE29: #N/A | AF29: #N/A | AG29: #N/A | AH29: #N/A | AI29: #N/A | AJ29: #N/A | AK29: #N/A | AL29: #N/A | AM29: #N/A | AN29: #N/A | AO29: #N/A | AP29: #N/A | AQ29: #N/A | AR29: #N/A | AS29: #N/A | AT29: #N/A | AU29: #N/A | AV29: #N/A | AW29: #N/A
Q30: #REF! | R30: 1 | S30: 1 | T30: 0.99 | U30: 0.99 | V30: 0.98 | W30: 0.97 | X30: 0.96 | Y30: 0.94 | Z30: 0.92 | AA30: 0.89 | AB30: 0.87 | AC30: 0.85 | AD30: 0.83 | AE30: 0.81 | AF30: 0.8 | AG30: 0.78 | AH30: 0.76 | AI30: 0.74 | AJ30: 0.72 | AK30: 0.7 | AL30: 0.68 | AM30: 0.65 | AN30: 0.65 | AO30: 0.64 | AP30: 0.63 | AQ30: 0.62 | AR30: 0.61 | AS30: 0.61 | AT30: 0.6 | AU30: 0.6 | AV30: 0.6 | AW30: 0.59
A31: Title and | B31: In Word document | Q31: #REF! | R31: 1 | S31: 1 | T31: 0.99 | U31: 0.99 | V31: 0.98 | W31: 0.97 | X31: 0.96 | Y31: 0.94 | Z31: 0.92 | AA31: 0.89 | AB31: 0.87 | AC31: 0.85 | AD31: 0.83 | AE31: 0.8 | AF31: 0.78 | AG31: 0.76 | AH31: 0.73 | AI31: 0.71 | AJ31: 0.69 | AK31: 0.66 | AL31: 0.64 | AM31: 0.62 | AN31: 0.61 | AO31: 0.6 | AP31: 0.6 | AQ31: 0.59 | AR31: 0.59 | AS31: 0.58 | AT31: 0.58 | AU31: 0.58 | AV31: 0.58 | AW31: 0.58
A32: source: | B32: (CO2 / Energy / Supply / Electricity) | Q32: #REF! | R32: 1 | S32: 1 | T32: 0.99 | U32: 0.99 | V32: 0.98 | W32: 0.97 | X32: 0.96 | Y32: 0.94 | Z32: 0.92 | AA32: 0.89 | AB32: 0.87 | AC32: 0.85 | AD32: 0.82 | AE32: 0.79 | AF32: 0.76 | AG32: 0.73 | AH32: 0.7 | AI32: 0.68 | AJ32: 0.66 | AK32: 0.64 | AL32: 0.62 | AM32: 0.6 | AN32: 0.6 | AO32: 0.6 | AP32: 0.59 | AQ32: 0.59 | AR32: 0.59 | AS32: 0.59 | AT32: 0.59 | AU32: 0.6 | AV32: 0.6 | AW32: 0.6
Q33: #REF! | R33: 1 | S33: 1 | T33: 0.99 | U33: 0.99 | V33: 0.98 | W33: 0.97 | X33: 0.97 | Y33: 0.96 | Z33: 0.95 | AA33: 0.94 | AB33: 0.94 | AC33: 0.93 | AD33: 0.92 | AE33: 0.9 | AF33: 0.89 | AG33: 0.88 | AH33: 0.87 | AI33: 0.85 | AJ33: 0.83 | AK33: 0.81 | AL33: 0.8 | AM33: 0.78 | AN33: 0.77 | AO33: 0.76 | AP33: 0.76 | AQ33: 0.75 | AR33: 0.74 | AS33: 0.74 | AT33: 0.73 | AU33: 0.72 | AV33: 0.72 | AW33: 0.71
Q34: #REF! | R34: 1 | S34: 1 | T34: 0.99 | U34: 0.99 | V34: 0.98 | W34: 0.98 | X34: 0.97 | Y34: 0.96 | Z34: 0.95 | AA34: 0.95 | AB34: 0.94 | AC34: 0.93 | AD34: 0.92 | AE34: 0.91 | AF34: 0.9 | AG34: 0.89 | AH34: 0.87 | AI34: 0.86 | AJ34: 0.84 | AK34: 0.82 | AL34: 0.8 | AM34: 0.78 | AN34: 0.78 | AO34: 0.77 | AP34: 0.76 | AQ34: 0.76 | AR34: 0.75 | AS34: 0.74 | AT34: 0.74 | AU34: 0.73 | AV34: 0.72 | AW34: 0.71
Q35: #REF! | R35: 1 | S35: 1 | T35: 0.99 | U35: 0.99 | V35: 0.98 | W35: 0.98 | X35: 0.97 | Y35: 0.97 | Z35: 0.96 | AA35: 0.95 | AB35: 0.95 | AC35: 0.94 | AD35: 0.93 | AE35: 0.92 | AF35: 0.9 | AG35: 0.89 | AH35: 0.88 | AI35: 0.86 | AJ35: 0.85 | AK35: 0.83 | AL35: 0.81 | AM35: 0.79 | AN35: 0.78 | AO35: 0.78 | AP35: 0.77 | AQ35: 0.76 | AR35: 0.75 | AS35: 0.75 | AT35: 0.74 | AU35: 0.73 | AV35: 0.72 | AW35: 0.71
Q36: #REF! | R36: 1 | S36: 1 | T36: 0.99 | U36: 0.99 | V36: 0.98 | W36: 0.97 | X36: 0.97 | Y36: 0.96 | Z36: 0.95 | AA36: 0.94 | AB36: 0.93 | AC36: 0.92 | AD36: 0.91 | AE36: 0.9 | AF36: 0.89 | AG36: 0.88 | AH36: 0.86 | AI36: 0.85 | AJ36: 0.83 | AK36: 0.81 | AL36: 0.79 | AM36: 0.77 | AN36: 0.77 | AO36: 0.76 | AP36: 0.75 | AQ36: 0.75 | AR36: 0.74 | AS36: 0.73 | AT36: 0.73 | AU36: 0.72 | AV36: 0.71 | AW36: 0.71
Q37: #REF! | R37: 1 | S37: 1 | T37: 0.98 | U37: 0.96 | V37: 0.95 | W37: 0.93 | X37: 0.91 | Y37: 0.9 | Z37: 0.89 | AA37: 0.88 | AB37: 0.87 | AC37: 0.86 | AD37: 0.84 | AE37: 0.83 | AF37: 0.82 | AG37: 0.8 | AH37: 0.79 | AI37: 0.77 | AJ37: 0.75 | AK37: 0.72 | AL37: 0.7 | AM37: 0.68 | AN37: 0.67 | AO37: 0.66 | AP37: 0.65 | AQ37: 0.64 | AR37: 0.63 | AS37: 0.63 | AT37: 0.62 | AU37: 0.61 | AV37: 0.61 | AW37: 0.6
Q38: #REF! | R38: 1 | S38: 1 | T38: 0.99 | U38: 0.98 | V38: 0.96 | W38: 0.95 | X38: 0.94 | Y38: 0.92 | Z38: 0.91 | AA38: 0.89 | AB38: 0.88 | AC38: 0.86 | AD38: 0.85 | AE38: 0.83 | AF38: 0.81 | AG38: 0.8 | AH38: 0.78 | AI38: 0.78 | AJ38: 0.77 | AK38: 0.76 | AL38: 0.76 | AM38: 0.75 | AN38: 0.75 | AO38: 0.75 | AP38: 0.75 | AQ38: 0.75 | AR38: 0.75 | AS38: 0.75 | AT38: 0.75 | AU38: 0.75 | AV38: 0.75 | AW38: 0.76
Q39: #REF! | R39: 1 | S39: 0.99 | T39: 0.97 | U39: 0.95 | V39: 0.93 | W39: 0.91 | X39: 0.89 | Y39: 0.88 | Z39: 0.87 | AA39: 0.85 | AB39: 0.84 | AC39: 0.83 | AD39: 0.81 | AE39: 0.79 | AF39: 0.77 | AG39: 0.76 | AH39: 0.74 | AI39: 0.72 | AJ39: 0.71 | AK39: 0.69 | AL39: 0.68 | AM39: 0.66 | AN39: 0.65 | AO39: 0.64 | AP39: 0.64 | AQ39: 0.63 | AR39: 0.62 | AS39: 0.62 | AT39: 0.61 | AU39: 0.61 | AV39: 0.6 | AW39: 0.6
Q40: #REF! | R40: 1 | S40: 1 | T40: 0.99 | U40: 0.97 | V40: 0.96 | W40: 0.95 | X40: 0.94 | Y40: 0.93 | Z40: 0.91 | AA40: 0.9 | AB40: 0.88 | AC40: 0.87 | AD40: 0.85 | AE40: 0.83 | AF40: 0.81 | AG40: 0.79 | AH40: 0.77 | AI40: 0.76 | AJ40: 0.74 | AK40: 0.73 | AL40: 0.71 | AM40: 0.69 | AN40: 0.69 | AO40: 0.68 | AP40: 0.68 | AQ40: 0.68 | AR40: 0.67 | AS40: 0.67 | AT40: 0.67 | AU40: 0.66 | AV40: 0.66 | AW40: 0.66
Q41: #REF! | R41: 1 | S41: 1 | T41: 0.98 | U41: 0.97 | V41: 0.95 | W41: 0.94 | X41: 0.93 | Y41: 0.91 | Z41: 0.88 | AA41: 0.86 | AB41: 0.84 | AC41: 0.82 | AD41: 0.8 | AE41: 0.78 | AF41: 0.75 | AG41: 0.73 | AH41: 0.7 | AI41: 0.68 | AJ41: 0.65 | AK41: 0.63 | AL41: 0.61 | AM41: 0.58 | AN41: 0.57 | AO41: 0.56 | AP41: 0.55 | AQ41: 0.54 | AR41: 0.52 | AS41: 0.52 | AT41: 0.51 | AU41: 0.5 | AV41: 0.49 | AW41: 0.48
Q42: #REF! | R42: 1 | S42: 1 | T42: 0.99 | U42: 0.98 | V42: 0.96 | W42: 0.95 | X42: 0.94 | Y42: 0.93 | Z42: 0.91 | AA42: 0.9 | AB42: 0.88 | AC42: 0.87 | AD42: 0.85 | AE42: 0.83 | AF42: 0.82 | AG42: 0.8 | AH42: 0.78 | AI42: 0.76 | AJ42: 0.75 | AK42: 0.73 | AL42: 0.72 | AM42: 0.7 | AN42: 0.7 | AO42: 0.7 | AP42: 0.69 | AQ42: 0.69 | AR42: 0.68 | AS42: 0.68 | AT42: 0.68 | AU42: 0.68 | AV42: 0.67 | AW42: 0.67
Q43: #REF! | R43: 1 | S43: 1 | T43: 0.99 | U43: 0.97 | V43: 0.96 | W43: 0.95 | X43: 0.94 | Y43: 0.93 | Z43: 0.91 | AA43: 0.9 | AB43: 0.88 | AC43: 0.87 | AD43: 0.85 | AE43: 0.83 | AF43: 0.81 | AG43: 0.8 | AH43: 0.78 | AI43: 0.76 | AJ43: 0.75 | AK43: 0.74 | AL43: 0.73 | AM43: 0.71 | AN43: 0.72 | AO43: 0.72 | AP43: 0.72 | AQ43: 0.72 | AR43: 0.72 | AS43: 0.72 | AT43: 0.72 | AU43: 0.72 | AV43: 0.72 | AW43: 0.72
Q44: #REF! | R44: 1 | S44: 1 | T44: 0.99 | U44: 0.97 | V44: 0.96 | W44: 0.95 | X44: 0.94 | Y44: 0.93 | Z44: 0.91 | AA44: 0.9 | AB44: 0.88 | AC44: 0.87 | AD44: 0.85 | AE44: 0.83 | AF44: 0.81 | AG44: 0.79 | AH44: 0.78 | AI44: 0.76 | AJ44: 0.75 | AK44: 0.73 | AL44: 0.72 | AM44: 0.7 | AN44: 0.7 | AO44: 0.69 | AP44: 0.69 | AQ44: 0.69 | AR44: 0.68 | AS44: 0.68 | AT44: 0.68 | AU44: 0.68 | AV44: 0.68 | AW44: 0.68
