Workbook
Name CH4fact: 'Named Refs&Conversions'!$C$3
Name EJ2TWh: 'Named Refs&Conversions'!$C$17
Name FF55WindOff: #REF!
Name FF55WindOn: #REF!
Name ktoe2TWh: 'Named Refs&Conversions'!$C$13
Name Mtoe2TWh: 'Named Refs&Conversions'!$C$14
Name N2Ofact: 'Named Refs&Conversions'!$C$4
Name REPowerPVTot: #REF!

Sheet Colour Palette
A3: Font and colours:
A5: Segoe UI, size 8
A6: Signature colour
A8: Signature colour
A9: Transparency: 90%
A11: High width: 2.25 pt
A12: Low width: 0.25 pt
A14: Primary colour palette
A18: Primary colour palette
A20: Primary colour palette
A23: Primary colour palette

Sheet Named Refs&Conversions
B2: CO2e emissions factors | E2: Named Reference Name | H2: Rationale
B3: CH4 | C3: 28 | E3: CH4fact | H3: Table 8.A.1 of IPCC AR5 - the official common metric as per Glasgow CMA decision and EU regulations
B4: N2O | C4: 265 | E4: N2Ofact | H4: Table 8.A.1 of IPCC AR5 - the official common metric as per Glasgow CMA decision and EU regulations
B5: CH4 (AR4) | C5: 25
B9: Unit conversions | E9: Usually from: https://www.convert-measurement-units.com/
B10: oil equivalent to Watt hours
B11: 1 toe = | C11: 11.63 | D11: MWh
B12: 1 ktoe = | C12: =C11*1000 -> 11630 | D12: MWh
B13: 1 ktoe = | C13: =C12/1000000 -> 0.01163 | D13: TWh
B14: 1Mtoe = | C14: =ktoe2TWh*1000 -> 11.63 | D14: TWh
B16: joules to Watt hours
B17: 1 EJ = | C17: 277.78 | D17: TWh

Sheet B1. GHG emissions
A1: Total buildings
B2: Source | C2: Unit | D2: 2005 | I2: 2010 | N2: 2015 | S2: 2020 | X2: 2025 | AC2: 2030 | AH2: 2035 | AM2: 2040 | AR2: 2045 | AW2: 2050 | AZ2: 2021 vs 2005
A3: Total | B3: Calculated | C3: Mt CO2e | D3: =D4+D5+D6 -> 665.03924 | E3: =E4+E5+E6 -> 663.44783 | F3: =F4+F5+F6 -> 589.49466 | G3: =G4+G5+G6 -> 635.07002 | H3: =H4+H5+H6 -> 621.38705 | I3: =I4+I5+I6 -> 656.09143 | J3: =J4+J5+J6 -> 581.49116 | K3: =K4+K5+K6 -> 589.57096 | ... T3: =T4+T5+T6 -> 532.53389 | U3: 481.83207 | AZ3: =T3-D3 -> -132.50535 | BA3: =AZ3/D3 -> -0.19924441
A4: =A62 -> Residential | B4: Inventory CRFs (see below) | C4: Mt CO2e | D4: =D62 -> 426.80485 | E4: =E62 -> 420.47885 | F4: =F62 -> 368.56147 | G4: =G62 -> 399.00521 | H4: =H62 -> 389.51004 | I4: =I62 -> 412.95249 | J4: =J62 -> 362.00698 | K4: =K62 -> 372.54849 | ... T4: =T62 -> 324.73676 | AZ4: =T4-D4 -> -102.06809 | BA4: =AZ4/D4 -> -0.23914463
A5: Tertiary | B5: Inventory CRFs (see below) | C5: Mt CO2e | D5: =D63+D64 -> 238.23439 | E5: =E63+E64 -> 242.96899 | F5: =F63+F64 -> 220.93319 | G5: =G63+G64 -> 236.06481 | H5: =H63+H64 -> 231.87702 | I5: =I63+I64 -> 243.13893 | J5: =J63+J64 -> 219.48418 | K5: =K63+K64 -> 217.02247 | ... T5: =T63+T64 -> 207.79713 | AZ5: =T5-D5 -> -30.437267 | BA5: =AZ5/D5 -> -0.12776185
AZ6: =T6-D6 -> 0 | BA6: =AZ6/D6 -> #DIV/0!
A7: 2040 advice minimum (1) | AM7: =AM79 -> 82.919064 | AW7: =AW79 -> 1.749033
A8: 2040 advice scenarios | AM8: =AM80-AM7 -> 43.931394 | AW8: =AW80-AW7 -> 12.752292
A9: 2030 benchmark | AC9: =AC83+AC84 -> 250.34768
A10: 2050 benchmark | AW10: =AW87+AW88 -> 26.413929
A11: linear trajectory to benchmark | U11: 481.83207 | V11: 452.89652 | W11: 423.96097 | X11: 395.02543 | Y11: 366.08988 | Z11: 337.15433 | AA11: 308.21878 | AB11: 279.28323 | AC11: 250.34768 | AD11: =($AW11-$AC11)/20+AC11 -> 239.151 | AE11: =($AW11-$AC11)/20+AD11 -> 227.95431 | AF11: =($AW11-$AC11)/20+AE11 -> 216.75762 | AG11: =($AW11-$AC11)/20+AF11 -> 205.56093 | AH11: =($AW11-$AC11)/20+AG11 -> 194.36425 | AI11: =($AW11-$AC11)/20+AH11 -> 183.16756 | AJ11: =($AW11-$AC11)/20+AI11 -> 171.97087 | AK11: =($AW11-$AC11)/20+AJ11 -> 160.77418 | ... AV11: =($AW11-$AC11)/20+AU11 -> 37.610617 | AW11: =AW10 -> 26.413929
T16: 846.71317 | U16: 837.42654 | V16: 828.13992 | W16: 818.85329 | X16: 809.56667 | Y16: 787.11333 | Z16: 764.66 | AA16: 742.20667 | AB16: 719.75333 | AC16: 697.3 | AD16: 666.06787 | AE16: 634.83574 | AF16: 603.60361 | AG16: 572.37148 | AH16: 541.13935 | AI16: 509.90722 | AJ16: 478.67509 | AK16: 447.44296 | AL16: 416.21083 | AM16: 384.9787 | AN16: 353.74657 | AO16: 322.51444 | AP16: 291.28231 | AQ16: 260.05018 | AR16: 228.81805 | AS16: 197.58592 | AT16: 166.35379 | AU16: 135.12166 | AV16: 103.88953 | AW16: 72.6574
X17: =X18+X19 -> 809.56667 | AC17: =AC18+AC19 -> 697.3
X18: 691.6 | AC18: 583.5
X19: 117.96667 | AC19: 113.8
AW20: =10%*#REF! -> #REF!
AC21: 680 | AM21: 200 | AW21: 30
A22: Data for summary sheet at end of chapter | AC22: 600 | AM22: 100 | AW22: 20
A24: Y-on-y reduction | E24: =E3-D3 -> -1.5914083 | F24: =F3-E3 -> -73.953171 | G24: =G3-F3 -> 45.57536 | H24: =H3-G3 -> -13.682969 | I24: =I3-H3 -> 34.704374 | J24: =J3-I3 -> -74.600268 | K24: =K3-J3 -> 8.0798033 | L24: =L3-K3 -> 4.3275854 | ... T24: =T3-S3 -> 12.820213
A25: 2005-2022 | B25: calculated | C25: Mt CO2e | D25: =(U3-D3)/17 -> -10.776892
A26: 2017-2021 | D26: =(T3-P3)/4 -> -3.2986056
A27: 2018-2022 | B27: calculated | C27: Mt CO2e | D27: =(U3-Q3)/4 -> -12.775056
A28: 2022-2030 | D28: =(AC9-T3)/9 -> -31.354022
A29: 2023-2030 | B29: calculated | C29: Mt CO2e | D29: =V11-U11 -> -28.935548 | E29: =D29/D27 -> 2.2650036
A30: 2031-2050 | B30: calculated | C30: Mt CO2e | D30: =AD11-AC11 -> -11.196688
D35: Indicator B1
AH47: 0
A58: Historical inventory data
A60: EU27
D61: 2005 | E61: 2006 | F61: 2007 | G61: 2008 | H61: 2009 | I61: 2010 | J61: 2011 | K61: 2012 | L61: 2013 | M61: 2014 | N61: 2015 | O61: 2016 | P61: 2017 | Q61: 2018 | R61: 2019 | S61: 2020 | T61: 2021
A62: Residential | B62: CRF Table 1.A(a)s4 | D62: =('[1]Table1.A(a)s4'!$G$23+'[1]Table1.A(a)s4'!$H$23*CH4fact+'[1]Table1.A(a)s4'!$I$23*N2Ofact)/1000 -> 426.80485 | E62: =('[2]Table1.A(a)s4'!$G$23+'[2]Table1.A(a)s4'!$H$23*CH4fact+'[2]Table1.A(a)s4'!$I$23*N2Ofact)/1000 -> 420.47885 | F62: =('[3]Table1.A(a)s4'!$G$23+'[3]Table1.A(a)s4'!$H$23*CH4fact+'[3]Table1.A(a)s4'!$I$23*N2Ofact)/1000 -> 368.56147 | G62: =('[4]Table1.A(a)s4'!$G$23+'[4]Table1.A(a)s4'!$H$23*CH4fact+'[4]Table1.A(a)s4'!$I$23*N2Ofact)/1000 -> 399.00521 | H62: =('[5]Table1.A(a)s4'!$G$23+'[5]Table1.A(a)s4'!$H$23*CH4fact+'[5]Table1.A(a)s4'!$I$23*N2Ofact)/1000 -> 389.51004 | I62: =('[6]Table1.A(a)s4'!$G$23+'[6]Table1.A(a)s4'!$H$23*CH4fact+'[6]Table1.A(a)s4'!$I$23*N2Ofact)/1000 -> 412.95249 | J62: =('[7]Table1.A(a)s4'!$G$23+'[7]Table1.A(a)s4'!$H$23*CH4fact+'[7]Table1.A(a)s4'!$I$23*N2Ofact)/1000 -> 362.00698 | K62: =('[8]Table1.A(a)s4'!$G$23+'[8]Table1.A(a)s4'!$H$23*CH4fact+'[8]Table1.A(a)s4'!$I$23*N2Ofact)/1000 -> 372.54849 | L62: =('[9]Table1.A(a)s4'!$G$23+'[9]Table1.A(a)s4'!$H$23*CH4fact+'[9]Table1.A(a)s4'!$I$23*N2Ofact)/1000 -> 375.12388 | M62: =('[10]Table1.A(a)s4'!$G$23+'[10]Table1.A(a)s4'!$H$23*CH4fact+'[10]Table1.A(a)s4'!$I$23*N2Ofact)/1000 -> 316.9146 | N62: =('[11]Table1.A(a)s4'!$G$23+'[11]Table1.A(a)s4'!$H$23*CH4fact+'[11]Table1.A(a)s4'!$I$23*N2Ofact)/1000 -> 335.16026 | O62: =('[12]Table1.A(a)s4'!$G$23+'[12]Table1.A(a)s4'!$H$23*CH4fact+'[12]Table1.A(a)s4'!$I$23*N2Ofact)/1000 -> 341.31848 | P62: =('[13]Table1.A(a)s4'!$G$23+'[13]Table1.A(a)s4'!$H$23*CH4fact+'[13]Table1.A(a)s4'!$I$23*N2Ofact)/1000 -> 338.54089 | Q62: =('[14]Table1.A(a)s4'!$G$23+'[14]Table1.A(a)s4'!$H$23*CH4fact+'[14]Table1.A(a)s4'!$I$23*N2Ofact)/1000 -> 328.39196 | R62: =('[15]Table1.A(a)s4'!$G$23+'[15]Table1.A(a)s4'!$H$23*CH4fact+'[15]Table1.A(a)s4'!$I$23*N2Ofact)/1000 -> 321.17518 | S62: =('[16]Table1.A(a)s4'!$G$23+'[16]Table1.A(a)s4'!$H$23*CH4fact+'[16]Table1.A(a)s4'!$I$23*N2Ofact)/1000 -> 319.38421 | T62: =('[17]Table1.A(a)s4'!$G$23+'[17]Table1.A(a)s4'!$H$23*CH4fact+'[17]Table1.A(a)s4'!$I$23*N2Ofact)/1000 -> 324.73676
A63: Tertiary | B63: CRF Table 1.A(a)s4 | D63: =('[1]Table1.A(a)s4'!$G$16+'[1]Table1.A(a)s4'!$H$16*CH4fact+'[1]Table1.A(a)s4'!$I$16*N2Ofact)/1000 -> 154.3626 | E63: =('[2]Table1.A(a)s4'!$G$16+'[2]Table1.A(a)s4'!$H$16*CH4fact+'[2]Table1.A(a)s4'!$I$16*N2Ofact)/1000 -> 162.01645 | F63: =('[3]Table1.A(a)s4'!$G$16+'[3]Table1.A(a)s4'!$H$16*CH4fact+'[3]Table1.A(a)s4'!$I$16*N2Ofact)/1000 -> 142.78457 | G63: =('[4]Table1.A(a)s4'!$G$16+'[4]Table1.A(a)s4'!$H$16*CH4fact+'[4]Table1.A(a)s4'!$I$16*N2Ofact)/1000 -> 157.0021 | H63: =('[5]Table1.A(a)s4'!$G$16+'[5]Table1.A(a)s4'!$H$16*CH4fact+'[5]Table1.A(a)s4'!$I$16*N2Ofact)/1000 -> 154.30609 | I63: =('[6]Table1.A(a)s4'!$G$16+'[6]Table1.A(a)s4'!$H$16*CH4fact+'[6]Table1.A(a)s4'!$I$16*N2Ofact)/1000 -> 163.29738 | J63: =('[7]Table1.A(a)s4'!$G$16+'[7]Table1.A(a)s4'!$H$16*CH4fact+'[7]Table1.A(a)s4'!$I$16*N2Ofact)/1000 -> 140.57009 | K63: =('[8]Table1.A(a)s4'!$G$16+'[8]Table1.A(a)s4'!$H$16*CH4fact+'[8]Table1.A(a)s4'!$I$16*N2Ofact)/1000 -> 140.71549 | L63: =('[9]Table1.A(a)s4'!$G$16+'[9]Table1.A(a)s4'!$H$16*CH4fact+'[9]Table1.A(a)s4'!$I$16*N2Ofact)/1000 -> 142.47917 | M63: =('[10]Table1.A(a)s4'!$G$16+'[10]Table1.A(a)s4'!$H$16*CH4fact+'[10]Table1.A(a)s4'!$I$16*N2Ofact)/1000 -> 124.87065 | N63: =('[11]Table1.A(a)s4'!$G$16+'[11]Table1.A(a)s4'!$H$16*CH4fact+'[11]Table1.A(a)s4'!$I$16*N2Ofact)/1000 -> 130.48531 | O63: =('[12]Table1.A(a)s4'!$G$16+'[12]Table1.A(a)s4'!$H$16*CH4fact+'[12]Table1.A(a)s4'!$I$16*N2Ofact)/1000 -> 130.89357 | P63: =('[13]Table1.A(a)s4'!$G$16+'[13]Table1.A(a)s4'!$H$16*CH4fact+'[13]Table1.A(a)s4'!$I$16*N2Ofact)/1000 -> 131.28436 | Q63: =('[14]Table1.A(a)s4'!$G$16+'[14]Table1.A(a)s4'!$H$16*CH4fact+'[14]Table1.A(a)s4'!$I$16*N2Ofact)/1000 -> 127.58944 | R63: =('[15]Table1.A(a)s4'!$G$16+'[15]Table1.A(a)s4'!$H$16*CH4fact+'[15]Table1.A(a)s4'!$I$16*N2Ofact)/1000 -> 125.15035 | S63: =('[16]Table1.A(a)s4'!$G$16+'[16]Table1.A(a)s4'!$H$16*CH4fact+'[16]Table1.A(a)s4'!$I$16*N2Ofact)/1000 -> 122.10588 | T63: =('[17]Table1.A(a)s4'!$G$16+'[17]Table1.A(a)s4'!$H$16*CH4fact+'[17]Table1.A(a)s4'!$I$16*N2Ofact)/1000 -> 129.9028
A64: Agriculture and fisheries - energy | B64: CRF Table 1.A(a)s4 | D64: =('[1]Table1.A(a)s4'!$G$30+'[1]Table1.A(a)s4'!$H$30*CH4fact+'[1]Table1.A(a)s4'!$I$30*N2Ofact)/1000 -> 83.871788 | E64: =('[2]Table1.A(a)s4'!$G$30+'[2]Table1.A(a)s4'!$H$30*CH4fact+'[2]Table1.A(a)s4'!$I$30*N2Ofact)/1000 -> 80.952536 | F64: =('[3]Table1.A(a)s4'!$G$30+'[3]Table1.A(a)s4'!$H$30*CH4fact+'[3]Table1.A(a)s4'!$I$30*N2Ofact)/1000 -> 78.148628 | G64: =('[4]Table1.A(a)s4'!$G$30+'[4]Table1.A(a)s4'!$H$30*CH4fact+'[4]Table1.A(a)s4'!$I$30*N2Ofact)/1000 -> 79.062712 | H64: =('[5]Table1.A(a)s4'!$G$30+'[5]Table1.A(a)s4'!$H$30*CH4fact+'[5]Table1.A(a)s4'!$I$30*N2Ofact)/1000 -> 77.570931 | I64: =('[6]Table1.A(a)s4'!$G$30+'[6]Table1.A(a)s4'!$H$30*CH4fact+'[6]Table1.A(a)s4'!$I$30*N2Ofact)/1000 -> 79.841555 | J64: =('[7]Table1.A(a)s4'!$G$30+'[7]Table1.A(a)s4'!$H$30*CH4fact+'[7]Table1.A(a)s4'!$I$30*N2Ofact)/1000 -> 78.914085 | K64: =('[8]Table1.A(a)s4'!$G$30+'[8]Table1.A(a)s4'!$H$30*CH4fact+'[8]Table1.A(a)s4'!$I$30*N2Ofact)/1000 -> 76.306984 | L64: =('[9]Table1.A(a)s4'!$G$30+'[9]Table1.A(a)s4'!$H$30*CH4fact+'[9]Table1.A(a)s4'!$I$30*N2Ofact)/1000 -> 76.295502 | M64: =('[10]Table1.A(a)s4'!$G$30+'[10]Table1.A(a)s4'!$H$30*CH4fact+'[10]Table1.A(a)s4'!$I$30*N2Ofact)/1000 -> 75.989406 | N64: =('[11]Table1.A(a)s4'!$G$30+'[11]Table1.A(a)s4'!$H$30*CH4fact+'[11]Table1.A(a)s4'!$I$30*N2Ofact)/1000 -> 75.355257 | O64: =('[12]Table1.A(a)s4'!$G$30+'[12]Table1.A(a)s4'!$H$30*CH4fact+'[12]Table1.A(a)s4'!$I$30*N2Ofact)/1000 -> 75.52257 | P64: =('[13]Table1.A(a)s4'!$G$30+'[13]Table1.A(a)s4'!$H$30*CH4fact+'[13]Table1.A(a)s4'!$I$30*N2Ofact)/1000 -> 75.903066 | Q64: =('[14]Table1.A(a)s4'!$G$30+'[14]Table1.A(a)s4'!$H$30*CH4fact+'[14]Table1.A(a)s4'!$I$30*N2Ofact)/1000 -> 76.950898 | R64: =('[15]Table1.A(a)s4'!$G$30+'[15]Table1.A(a)s4'!$H$30*CH4fact+'[15]Table1.A(a)s4'!$I$30*N2Ofact)/1000 -> 76.497543 | S64: =('[16]Table1.A(a)s4'!$G$30+'[16]Table1.A(a)s4'!$H$30*CH4fact+'[16]Table1.A(a)s4'!$I$30*N2Ofact)/1000 -> 78.223577 | T64: =('[17]Table1.A(a)s4'!$G$30+'[17]Table1.A(a)s4'!$H$30*CH4fact+'[17]Table1.A(a)s4'!$I$30*N2Ofact)/1000 -> 77.894328
A66: Residential | B66: absolute change vs 2005 | D66: =D62-$D62 -> 0 | E66: =E62-$D62 -> -6.3260013 | F66: =F62-$D62 -> -58.24338 | G66: =G62-$D62 -> -27.799636 | H66: =H62-$D62 -> -37.294813 | I66: =I62-$D62 -> -13.852356 | J66: =J62-$D62 -> -64.797867 | K66: =K62-$D62 -> -54.256359 | ... T66: =T62-$D62 -> -102.06809
A67: Tertiary | B67: absolute change vs 2005 | D67: =D63-$D63 -> 0 | E67: =E63-$D63 -> 7.653845 | F67: =F63-$D63 -> -11.578039 | G67: =G63-$D63 -> 2.6394925 | H67: =H63-$D63 -> -0.056518233 | I67: =I63-$D63 -> 8.9347752 | J67: =J63-$D63 -> -13.792512 | K67: =K63-$D63 -> -13.647115 | ... T67: =T63-$D63 -> -24.459806
A69: Residential | B69: % change vs 2005 | E69: =E66/$D62 -> -0.014821765 | F69: =F66/$D62 -> -0.13646373 | G69: =G66/$D62 -> -0.065134302 | H69: =H66/$D62 -> -0.087381418 | I69: =I66/$D62 -> -0.032455948 | J69: =J66/$D62 -> -0.15182083 | K69: =K66/$D62 -> -0.12712217 | L69: =L66/$D62 -> -0.12108806 | ... T69: =T66/$D62 -> -0.23914463
A70: Tertiary | B70: % change vs 2005 | E70: =E67/$D63 -> 0.049583544 | F70: =F67/$D63 -> -0.075005464 | G70: =G67/$D63 -> 0.0170993 | H70: =H67/$D63 -> -0.00036613941 | I70: =I67/$D63 -> 0.057881734 | J70: =J67/$D63 -> -0.089351379 | K70: =K67/$D63 -> -0.088409463 | L70: =L67/$D63 -> -0.076983895 | ... T70: =T67/$D63 -> -0.15845681
A72: UK (in case needed for downscaling EU28)
N73: 2015
A74: Residential | B74: CRF Table 1.A(a)s4 | N74: =('[18]Table1.A(a)s4'!$G$32+'[18]Table1.A(a)s4'!$H$32*CH4fact+'[18]Table1.A(a)s4'!$I$32*N2Ofact)/1000 -> 65.504297
A75: Tertiary | B75: CRF Table 1.A(a)s4 | N75: =('[18]Table1.A(a)s4'!$G$16+'[18]Table1.A(a)s4'!$H$16*CH4fact+'[18]Table1.A(a)s4'!$I$16*N2Ofact)/1000 -> 19.500428
A76: Agriculture and fisheries - energy | B76: CRF Table 1.A(a)s4 | N76: =('[18]Table1.A(a)s4'!$G$48+'[18]Table1.A(a)s4'!$H$48*CH4fact+'[18]Table1.A(a)s4'!$I$48*N2Ofact)/1000 -> 6.114183
A78: 2040 advice: adjusted upwards (because REMIND final energy service sector does not include agriculture and fisheries)
A79: Residential & Commercial (min) | B79: ESABCC database, CO2 only. Adjusted to remove share of agriculture | AC79: ='[19]ResComm&Agri'!AO$138 -> 261.2492 | AM79: ='[19]ResComm&Agri'!AY$138*(SUM($T$62:$T$64)/($T$62+$T$63)) -> 82.919064 | AW79: ='[19]ResComm&Agri'!BI$138*(SUM($T$62:$T$64)/($T$62+$T$63)) -> 1.749033
A80: Residential & Commercial (max) | B80: ESABCC database, CO2 only. Adjusted to remove share of agriculture | AC80: ='[19]ResComm&Agri'!AO$139 -> 263.4283 | AM80: ='[19]ResComm&Agri'!AY$139*(SUM($T$62:$T$64)/($T$62+$T$63)) -> 126.85046 | AW80: ='[19]ResComm&Agri'!BI$139*(SUM($T$62:$T$64)/($T$62+$T$63)) -> 14.501325
A82: FF55 MIX
A83: Residential | B83: FF55 MIX, CO2 only | AC83: =[20]EU_B!$G$87 -> 142.20416
A84: Services & agriculture | B84: FF55 MIX, CO2 only | AC84: =[20]EU_B!$G$88 -> 108.14353
A86: CPFA | AY86: 2005 Base | BA86: 2015 Base
A87: Residential | B87: CPFA Fig 91 (1.5LIFE) | AW87: =11.4*($N$62/($N$62+$N$74)) -> 9.536224 | AY87: 484.2 | BA87: =422.8*($N$62/($N$62+$N$74)) -> 353.6768
A88: Tertiary | B88: CPFA Fig 91 (1.5LIFE) | AW88: =19.4*(N63/(N63+N75)) -> 16.877705 | AY88: 271.6 | BA88: =247.7*(N63/(N63+N75)) -> 215.49523
B89: 1.5LIFE is shown, but 1.5TECH is near-identical
A93: Buildings vs other sectors - absolute
A94: Buildings | B94: EEA T&P 2022, Fig 2.1 (2030 = WAM) | D94: 674 | T94: 534 | AC94: 408
A95: Agriculture | B95: EEA T&P 2022, Fig 2.1 (2030 = WAM) | D95: 389 | T95: 381 | AC95: 367
A96: Waste | B96: EEA T&P 2022, Fig 2.1 (2030 = WAM) | D96: 151 | T96: 111 | AC96: 90
A97: International Aviation | B97: EEA T&P 2022, Fig 2.1 (2030 = WAM) | D97: 96 | T97: 68 | AC97: 140
A98: Energy Supply | B98: EEA T&P 2022, Fig 2.1 (2030 = WAM) | D98: 1480 | T98: 900 | AC98: 688
A99: Industry | B99: EEA T&P 2022, Fig 2.1 (2030 = WAM) | D99: 993 | T99: 752 | AC99: 661
A100: Transport | B100: EEA T&P 2022, Fig 2.1 (2030 = WAM) | D100: 848 | T100: 776 | AC100: 631
A102: Buildings vs other sectors - reduction vs 2005 (MtCO2e)
A103: Buildings | B103: calculated | T103: =T94-$D94 -> -140 | AC103: =AC94-$D94 -> -266
A104: Agriculture | B104: calculated | T104: =T95-$D95 -> -8 | AC104: =AC95-$D95 -> -22
A105: Waste | B105: calculated | T105: =T96-$D96 -> -40 | AC105: =AC96-$D96 -> -61
A106: International Aviation | B106: calculated | T106: =T97-$D97 -> -28 | AC106: =AC97-$D97 -> 44
A107: Energy Supply | B107: calculated | T107: =T98-$D98 -> -580 | AC107: =AC98-$D98 -> -792
A108: Industry | B108: calculated | T108: =T99-$D99 -> -241 | AC108: =AC99-$D99 -> -332
A109: Transport | B109: calculated | T109: =T100-$D100 -> -72 | AC109: =AC100-$D100 -> -217
A111: Buildings vs other sectors - reduction vs 2005 (%)
A112: Buildings | B112: calculated | T112: =T103/$D94 -> -0.20771513 | AC112: =AC103/$D94 -> -0.39465875
A113: Agriculture | B113: calculated | T113: =T104/$D95 -> -0.020565553 | AC113: =AC104/$D95 -> -0.05655527
A114: Waste | B114: calculated | T114: =T105/$D96 -> -0.26490066 | AC114: =AC105/$D96 -> -0.40397351
A115: International Aviation | B115: calculated | T115: =T106/$D97 -> -0.29166667 | AC115: =AC106/$D97 -> 0.45833333
A116: Energy Supply | B116: calculated | T116: =T107/$D98 -> -0.39189189 | AC116: =AC107/$D98 -> -0.53513514
A117: Industry | B117: calculated | T117: =T108/$D99 -> -0.24269889 | AC117: =AC108/$D99 -> -0.33434038
A118: Transport | B118: calculated | T118: =T109/$D100 -> -0.08490566 | AC118: =AC109/$D100 -> -0.25589623
A120: Buildings as % of total CO2e reduction | T120: =T103/SUM(T103:T109) -> 0.12623986

Sheet B2. buildings - energy
B1: 2017-2021 | C1: 2022-2030 FF55 | D1: 2022-2030 RePowerEU | E1: 2031-2050 from FF55 | F1: 2031-2050 from RePowerEU
A2: Residential | B2: =(T15-P15)/4 -> 29.256831 | C2: =(AC17-T15)/9 -> -97.915687 | D2: =(AC19-T15)/9 -> -113.42235 | E2: =(AW21-AC17)/20 -> -5.5050809 | F2: =(AW21-AC19)/20 -> 1.4729191
A3: Tertiary | B3: =(T15-P15)/5 -> 23.405465 | C3: =(AC97-T14)/9 -> -35.822546 | D3: =(AC95-T14)/9 -> -47.452546 | E3: =((#REF!-#REF!)-AC97)/20 -> #REF! | F3: =((#REF!-#REF!)-AC95)/20 -> #REF!
A8: Eurostat Energy use data
A9: TIME
A10: NRG_BAL (Labels) | D10: 2005 | I10: 2010 | N10: 2015 | S10: 2020 | X10: 2025 | AC10: 2030 | AH10: 2035 | AM10: 2040 | AR10: 2045 | AW10: 2050
A11: Final consumption - other sectors - commercial and public services - energy use | B11: Eurostat energy balances | C11: TJ | D11: 5358277.2 | E11: 5568843.7 | F11: 5287873.2 | G11: 5617880 | H11: 5624745.5 | I11: 5860782.6 | J11: 5371888.1 | K11: 5490871.9 | L11: 5556912.2 | M11: 5167985 | N11: 5380841.6 | O11: 5450012.1 | P11: 5605356.9 | Q11: 5512433.2 | R11: 5382855.9 | S11: 5074802.4 | T11: 5416746.2
A12: Final consumption - other sectors - households - energy use | B12: Eurostat energy balances | C12: TJ | D12: 11150493 | E12: 11111543 | F12: 10435068 | G12: 11064263 | H12: 10985679 | I12: 11678550 | J12: 10546611 | K12: 11012084 | L12: 11141042 | M12: 9824051.5 | N12: 10259139 | O12: 10503571 | P12: 10538534 | Q12: 10456263 | R12: 10390886 | S12: 10388388 | T12: 10959829
A13: Final consumption - other sectors - agriculture and forestry - energy use | B13: Eurostat energy balances | C13: TJ | D13: 1129993.5 | E13: 1061267.7 | F13: 1040200.1 | G13: 1034996.5 | H13: 1009232.2 | I13: 1067822.5 | J13: 1044721.4 | K13: 1033812.9 | L13: 1049292.6 | M13: 1026576.2 | N13: 1027088.1 | O13: 1045031.4 | P13: 1057853.9 | Q13: 1156192.8 | R13: 1173620.9 | S13: 1189811.1 | T13: 1186691.5
A14: Tertiary | B14: Eurostat (above): includes agriculture | C14: TWh | D14: =((D11+D13)*EJ2TWh/1000000) -> 1802.3119 | E14: =((E11+E13)*EJ2TWh/1000000) -> 1841.7123 | F14: =((F11+F13)*EJ2TWh/1000000) -> 1757.8122 | G14: =((G11+G13)*EJ2TWh/1000000) -> 1848.036 | H14: =((H11+H13)*EJ2TWh/1000000) -> 1842.7863 | I14: =((I11+I13)*EJ2TWh/1000000) -> 1924.6279 | J14: =((J11+J13)*EJ2TWh/1000000) -> 1782.4058 | K14: =((K11+K13)*EJ2TWh/1000000) -> 1812.427 | ... T14: =((T11+T13)*EJ2TWh/1000000) -> 1834.3029
A15: Residential | C15: TWh | D15: =D12*EJ2TWh/1000000 -> 3097.3839 | E15: =E12*EJ2TWh/1000000 -> 3086.5644 | F15: =F12*EJ2TWh/1000000 -> 2898.6531 | G15: =G12*EJ2TWh/1000000 -> 3073.4311 | H15: =H12*EJ2TWh/1000000 -> 3051.6018 | I15: =I12*EJ2TWh/1000000 -> 3244.0676 | J15: =J12*EJ2TWh/1000000 -> 2929.6375 | K15: =K12*EJ2TWh/1000000 -> 3058.9367 | ... T15: =T12*EJ2TWh/1000000 -> 3044.4212
A16: Total (residential + tertiary) | C16: TWh | D16: =D15+D14 -> 4899.6958 | E16: =E15+E14 -> 4928.2767 | F16: =F15+F14 -> 4656.4653 | G16: =G15+G14 -> 4921.4671 | H16: =H15+H14 -> 4894.3881 | I16: =I15+I14 -> 5168.6956 | J16: =J15+J14 -> 4712.0432 | K16: =K15+K14 -> 4871.3637 | ... T16: =T15+T14 -> 4878.7241
A17: 2030 benchmark - residential | B17: FF55 value from REPowerEU SWD Table 10 (residential) | C17: TWh | AC17: =AC96 -> 2163.18
A18: 2030 benchmark - tertiary | B18: FF55 MIX (commercial inc ag) added to residential for stacking. | C18: TWh | AC18: =AC97+AC17 -> 3675.08
A19: REPowerEU - residential | B19: Residential - Table 10, REPower SWD | C19: TWh | AC19: =AC94 -> 2023.62
A20: REPowerEU - tertiary | B20: Residential - Table 10, REPower SWD added to residential | C20: TWh | AC20: =AC19+AC95 -> 3430.85
A21: 2050 benchmark - residential | B21: CTP IA figure 39 | C21: TWh | AW21: 2053.0784
A22: 2050 benchmark - tertiary | B22: EC CPFA Fig 19 (1.5 LIFE) added to residential | AW22: =1463.36483685046+AW21 -> 3516.4432
A23: delete this label - 2040 advice minimum | B23: ESABCC database | AM23: =AM83 -> 3027.7326 | AW23: =AW83 -> 2559.9018
A24: 2040 advice scenarios (residential + tertiary) | B24: ESABCC database | AM24: =AM84-AM23 -> 140.81992 | AW24: =AW84-AW23 -> 294.44978
D25: =D13/SUM(D11:D13) -> 0.064063081 | E25: =E13/SUM(E11:E13) -> 0.059817854 | F25: =F13/SUM(F11:F13) -> 0.062052817 | G25: =G13/SUM(G11:G13) -> 0.058417809 | H25: =H13/SUM(H11:H13) -> 0.05727877 | I25: =I13/SUM(I11:I13) -> 0.057387737 | J25: =J13/SUM(J11:J13) -> 0.061587445 | K25: =K13/SUM(K11:K13) -> 0.058951164 | ... T25: =T13/SUM(T11:T13) -> 0.067566672
D28: Indicator B2
A56: % changes (Eurostat) | D56: =D10 -> 2005 | I56: =I10 -> 2010 | N56: =N10 -> 2015 | S56: =S10 -> 2020 | X56: =X10 -> 2025 | AC56: =AC10 -> 2030 | AH56: =AH10 -> 2035 | AM56: =AM10 -> 2040 | AR56: =AR10 -> 2045 | AW56: =AW10 -> 2050
A57: Final Energy Consumption - commercial and institutional | D57: =D11/$D11-1 -> 0 | E57: =E11/$D11-1 -> 0.039297417 | F57: =F11/$D11-1 -> -0.01313931 | G57: =G11/$D11-1 -> 0.048448916 | H57: =H11/$D11-1 -> 0.049730206 | I57: =I11/$D11-1 -> 0.093781149 | J57: =J11/$D11-1 -> 0.002540148 | K57: =K11/$D11-1 -> 0.02474577 | ... T57: =T11/$D11-1 -> 0.010911899
A59: Five-year average | H59: =AVERAGE(D14:H14) -> 1818.5317 | I59: =AVERAGE(E14:I14) -> 1842.995 | J59: =AVERAGE(F14:J14) -> 1831.1336 | K59: =AVERAGE(G14:K14) -> 1842.0566 | L59: =AVERAGE(H14:L14) -> 1839.4637 | M59: =AVERAGE(I14:M14) -> 1815.0515 | N59: =AVERAGE(J14:N14) -> 1786.1248 | O59: =AVERAGE(K14:O14) -> 1790.4823 | ... T59: =AVERAGE(P14:T14) -> 1819.8126
A60: Five-year average 2005 | H60: =H59/$D14-1 -> 0.0089994924 | I60: =I59/$D14-1 -> 0.022572735 | J60: =J59/$D14-1 -> 0.015991569 | K60: =K59/$D14-1 -> 0.022052093 | L60: =L59/$D14-1 -> 0.020613446 | M60: =M59/$D14-1 -> 0.0070684974 | N60: =N59/$D14-1 -> -0.0089812457 | O60: =O59/$D14-1 -> -0.006563527 | ... T60: =T59/$D14-1 -> 0.0097101632
A62: Final Energy Consumption - residential | D62: =D15/$D15-1 -> 0 | E62: =E15/$D15-1 -> -0.0034931233 | F62: =F15/$D15-1 -> -0.064160861 | G62: =G15/$D15-1 -> -0.0077332392 | H62: =H15/$D15-1 -> -0.014780905 | I62: =I15/$D15-1 -> 0.047357287 | J62: =J15/$D15-1 -> -0.054157457 | K62: =K15/$D15-1 -> -0.0124128 | ... T62: =T15/$D15-1 -> -0.017099182
A64: Five-year average | H64: =AVERAGE(D15:H15) -> 3041.5269 | I64: =AVERAGE(E15:I15) -> 3070.8636 | J64: =AVERAGE(F15:J15) -> 3039.4782 | K64: =AVERAGE(G15:K15) -> 3071.5349 | L64: =AVERAGE(H15:L15) -> 3075.8004 | M64: =AVERAGE(I15:M15) -> 3011.2651 | N64: =AVERAGE(J15:N15) -> 2932.4083 | O64: =AVERAGE(K15:O15) -> 2930.0171 | ... T64: =AVERAGE(P15:T15) -> 2929.6845
A65: Five-year average 2005 | H65: =H64/$D15-1 -> -0.018033626 | I65: =I64/$D15-1 -> -0.0085621685 | J65: =J64/$D15-1 -> -0.018695035 | K65: =K64/$D15-1 -> -0.0083454231 | L65: =L64/$D15-1 -> -0.006968298 | M65: =M64/$D15-1 -> -0.027803736 | N65: =N64/$D15-1 -> -0.053262903 | O65: =O64/$D15-1 -> -0.054034882 | ... T65: =T64/$D15-1 -> -0.054142262
A67: FF55 MIX reduction vs 2021 (res + comm + ag) | AC67: =AC18/T16-1 -> -0.24671289
A68: FF55 MIX reduction vs 2021 (res only) | AC68: =AC17/T15-1 -> -0.28946099
A69: FF55 MIX reduction vs 2021 (comm + ag only) | AC69: =(AC18-AC17)/T14-1 -> -0.17576318
A71: Data for summary sheet at end of chapter
A72: Residential
A73: annual change in total final energy consumption 2017-21 | B73: N/A - do not pick a number because no clear direction of travel
A74: annual change in total final energy 2021-benchmark (FF55) | B74: =(AC17-T15)/8 -> -110.15515
A75: annual change in total final energy 2021-REPowerEU | B75: =(AC19-T15)/8 -> -127.60015
A77: Commercial
A78: annual change in total final energy consumption 2017-21 | B78: N/A - do not pick a number because no clear direction of travel
A79: annual change in total final energy 2021-benchmark (FF55) | B79: =((AC18-AC17)-T14)/8 -> -40.300365
A80: annual change in total final energy 2021-REPowerEU | B80: =((AC20-AC19)-T14)/8 -> -53.384115
A82: 2040 advice
A83: Minimum (with agriculture adjustment based on Eurostat) | C83: TWh | AM83: ='[19]ResComm&Agri'!AY152*(SUM($T$11:$T$13)/($T$11+$T$12)) -> 3027.7326 | AW83: ='[19]ResComm&Agri'!BI152*(SUM($T$11:$T$13)/($T$11+$T$12)) -> 2559.9018
A84: Maximum (with agriculture adjustment based on Eurostat) | C84: TWh | AM84: ='[19]ResComm&Agri'!AY153*(SUM($T$11:$T$13)/($T$11+$T$12)) -> 3168.5525 | AW84: ='[19]ResComm&Agri'!BI153*(SUM($T$11:$T$13)/($T$11+$T$12)) -> 2854.3516
A86: Minimum (without agriculture adjustment based on Eurostat) | C86: TWh | AM86: ='[19]ResComm&Agri'!AY152 -> 2823.1588 | AW86: ='[19]ResComm&Agri'!BI152 -> 2386.9378
A87: Maximum (without agriculture adjustment based on Eurostat) | C87: TWh | AM87: ='[19]ResComm&Agri'!AY153 -> 2954.4639 | AW87: ='[19]ResComm&Agri'!BI153 -> 2661.4925
A89: REPowerEU (incl updated estimate of FF55)
A90: Residential energy consumption - REPowerEU | B90: REPowerEU SWD Table 10 | C90: Mtoe | AC90: 174
A91: Tertiary energy consumption - REPowerEU | B91: REPowerEU SWD Table 10 | C91: Mtoe | AC91: 121
A92: Residential energy consumption - FF55 | B92: REPowerEU SWD Table 10 | C92: Mtoe | AC92: 186
A93: Tertiary energy consumption - FF55 | B93: REPowerEU SWD Table 10 | C93: Mtoe | AC93: 130
A94: Residential energy consumption - REPowerEU | B94: REPowerEU SWD Table 10 | C94: TWh | AC94: =AC90*Mtoe2TWh -> 2023.62
A95: Tertiary energy consumption - REPowerEU | B95: REPowerEU SWD Table 10 | C95: TWh | AC95: =AC91*Mtoe2TWh -> 1407.23
A96: Residential energy consumption - FF55 | B96: REPowerEU SWD Table 10 | C96: TWh | AC96: =AC92*Mtoe2TWh -> 2163.18
A97: Tertiary energy consumption - FF55 | B97: REPowerEU SWD Table 10 | C97: TWh | AC97: =AC93*Mtoe2TWh -> 1511.9
A99: REPowerEU % reduction vs 2021 - residential | AC99: =AC94/T15-1 -> -0.33530222
A100: REPowerEU % reduction vs 2021 - tertiary | AC100: =AC95/T14-1 -> -0.23282573
A102: FF55 (PRIMES Excel accompanying the FF55 package)
A103: Residential energy consumption | B103: FF55 PRIMES Excel - MIX | C103: ktoe | AC103: =200084/1000 -> 200.084
A104: Tertiary energy consumption (incl ag) | B104: FF55 PRIMES Excel - MIX | C104: ktoe | AC104: =141726/1000 -> 141.726
A106: Residential FF55 (REPowerEU % diff vs original estimate) | B106: REPowerEU table 10 & FF55 Excel | C106: % | AC106: =AC92/AC103-1 -> -0.070390436
A107: Tertiary FF55 (REPowerEU % diff vs original estimate) | B107: REPowerEU table 10 & FF55 Excel | C107: % | AC107: =AC93/AC104-1 -> -0.082737112

Sheet B3. (Retrofit)
A4: Renovation Rate (2012-2016) | D4: Residential | E4: Non-residential
A5: Total | D5: 0.123 | E5: 0.095
A6: Below threshold | D6: 0.071 | E6: 0.041
A7: Light | D7: 0.039 | E7: 0.03
A8: Medium | D8: 0.011 | E8: 0.021
A9: Deep | D9: 0.002 | E9: 0.003
A10: Weighted renovation rate (2016-2020) | B10: CTP Impact assessment - pg 66-67 | C10: 2016-2020 | D10: 0.01 | E10: 0.006
A11: Weighted renovation rate (2026-2030) | B11: 2030 CTP - Figure 53 and 54 - average across scenarios | C11: 2026-2030 | D11: 0.018 | E11: 0.011
A12: Light | D12: 0.002 | E12: 0.002
A13: Medium | D13: 0.007 | E13: 0.007
A14: Deep | D14: 0.009 | E14: 0.001
C16: Residential | D16: 2016-2020 | E16: 2026-2030 | G16: Commercial | H16: 2016-2020 | I16: 2026-2030
C17: Light | D17: 0 | E17: 0.0016022758 | G17: Light | H17: 0 | I17: 0.0023603942
C18: Medium | D18: 0 | E18: 0.0065007482 | G18: Medium | H18: 0 | I18: 0.0079493823
C19: Deep | D19: 0 | E19: 0.012805705 | G19: Deep | H19: 0 | I19: 0.00079093972
C20: Weighted renovation rate | D20: 0.01 | E20: =SUM(E17:E19) -> 0.020908729 | G20: Weighted renovation rate | H20: 0.006 | I20: =SUM(I17:I19) -> 0.011100716

Sheet B4. surface area
A1: Residential buildings
A2: # of dwellings and buildings (source: EBSO)
B3: Source | D3: Unit | E3: 2005 | F3: 2006 | G3: 2007 | H3: 2008 | I3: 2009 | J3: 2010 | K3: 2011 | L3: 2012 | M3: 2013 | N3: 2014 | O3: 2015 | P3: 2016 | Q3: 2017 | R3: 2018 | S3: 2019
A4: Total # of buildings | D4: #1000 | L4: 116152.9 | M4: 116951.99 | N4: 117706.84 | O4: 118439.07 | P4: 119171.81
A5: Total # of dwellings | D5: #1000 | E5: 198349.5 | F5: 200768.07 | G5: 202554.12 | H5: 204615.95 | I5: 206444.45 | J5: 208798.63 | K5: 208957.11 | L5: 210929.67 | M5: 212071.93 | N5: 213234.66 | O5: 214597.52 | P5: 215330.54
A6: y-on-y dwelling per building | D6: # | L6: =L5/L4 -> 1.8159656 | M6: =M5/M4 -> 1.8133247 | N6: =N5/N4 -> 1.8115741 | O6: =O5/O4 -> 1.8118811 | P6: =P5/P4 -> 1.8068917
A7: Single-familiy dwelling | D7: #1000 | E7: 95217.44 | F7: 96446.109 | G7: 98310.715 | H7: 99434.544 | I7: 100331.11 | J7: 101059.92 | K7: 101250.52 | L7: 101530.74 | M7: 101281.39 | N7: 99265.132 | O7: 99734.427 | P7: 100075.1 | Q7: 101075.44
A8: Detached single famiy | D8: #1000 | J8: 72244.325 | K8: 72090.203 | L8: 71505.158 | M8: 71892.386 | N8: 71646.844 | O8: 71460.974 | P8: 72351.062
A9: Semi-detached single family | D9: #1000 | J9: 47814.886 | K9: 49731.792 | L9: 50623.121 | M9: 51533.48 | N9: 51389.552 | O9: 51718.002 | P9: 51464
A10: Multi-family | D10: #1000 | J10: 86860.229 | K10: 85881.372 | L10: 87113.954 | M10: 87373.637 | N10: 88918.852 | O10: 90345.555 | P10: 90008.167
A12: surfaces (source: EBSO)
B13: Source | D13: Unit | E13: 2005 | F13: 2006 | G13: 2007 | H13: 2008 | I13: 2009 | J13: 2010 | K13: 2011 | L13: 2012 | M13: 2013 | N13: 2014 | O13: 2015 | P13: 2016 | Q13: 2017 | R13: 2018 | S13: 2019
A14: Total surface of dwellings - EBSCO | D14: Mm2 | L14: 20309.179 | M14: 20438.442 | N14: 20565.049 | O14: 20692.264 | P14: 20820.976
A15: Total surface of dwellings - own calculations | D15: Mm2 | E15: =E5*E18/1000 -> 17416.177 | F15: =F5*F18/1000 -> 17739.164 | G15: =G5*G18/1000 -> 17932.846 | H15: =H5*H18/1000 -> 18167.523 | I15: =I5*I18/1000 -> 18360.57 | J15: =J5*J18/1000 -> 18863.348 | K15: =K5*K18/1000 -> 18939.037 | L15: =L5*L18/1000 -> 19171.377 | ... P15: =P5*P18/1000 -> 19702.658
A16: Total surface of single-family dwellings | D16: Mm2 | L16: 13334.327 | M16: 13417.554 | N16: 13497.363 | O16: 13577.414 | P16: 13657.345 | Q16: 9569.9577
A17: Total surface of multi-family dwellings | D17: Mm2 | L17: 6974.852 | M17: 7020.8877 | N17: 7067.6856 | O17: 7114.8506 | P17: 7163.6315 | Q17: 9181.9838
A18: average floor area dwellings | D18: m2 | E18: 87.8055 | F18: 88.3565 | G18: 88.5336 | H18: 88.7884 | I18: 88.9371 | J18: 90.3423 | K18: 90.636 | L18: 90.8899 | M18: 91.3986 | N18: 91.2536 | O18: 91.414 | P18: 91.4996 | Q18: 91.3931
A19: average floor area single-family dwellings | D19: m2 | E19: 129.4 | F19: 131.7 | G19: 132.4 | H19: 133.7 | I19: 134.7 | J19: 135.4 | K19: 136.1 | L19: 136.6 | M19: 137.6 | N19: 138
A20: average floor area multi-family dwellings | D20: m2
A23: Graph feed
E24: 2005 | J24: 2010 | O24: 2015 | T24: 2020
A25: Total number of dwellings | C25: EBSO (old?) | D25: % of 2005 | E25: =E5/$E5 -> 1 | F25: =F5/$E5 -> 1.0121935 | G25: =G5/$E5 -> 1.021198 | H25: =H5/$E5 -> 1.0315929 | I25: =I5/$E5 -> 1.0408115 | J25: =J5/$E5 -> 1.0526804 | K25: =K5/$E5 -> 1.0534794 | L25: =L5/$E5 -> 1.0634242 | ... P25: =P5/$E5 -> 1.0856117
A26: Average floor area per dwelling | C26: Odyssee (see drivers tab) | D26: % of 2005 (from Odyssee: see energy drivers tab) | E26: ='4 energy drivers'!E7/'4 energy drivers'!$E7 -> 1 | F26: ='4 energy drivers'!F7/'4 energy drivers'!$E7 -> 1.0040531 | G26: ='4 energy drivers'!G7/'4 energy drivers'!$E7 -> 1.0071309 | H26: ='4 energy drivers'!H7/'4 energy drivers'!$E7 -> 1.0101948 | I26: ='4 energy drivers'!I7/'4 energy drivers'!$E7 -> 1.0136345 | J26: ='4 energy drivers'!J7/'4 energy drivers'!$E7 -> 1.0306587 | K26: ='4 energy drivers'!K7/'4 energy drivers'!$E7 -> 1.0365917 | L26: ='4 energy drivers'!L7/'4 energy drivers'!$E7 -> 1.0377189 | ... T26: ='4 energy drivers'!T7/'4 energy drivers'!$E7 -> 1.044306
A27: Total surface - residential | C27: EBSO (old?) | D27: % of 2005 | E27: =E15/$E15 -> 1 | F27: =F15/$E15 -> 1.0185452 | G27: =G15/$E15 -> 1.029666 | H27: =H15/$E15 -> 1.0431406 | I27: =I15/$E15 -> 1.054225 | J27: =J15/$E15 -> 1.0830935 | K27: =K15/$E15 -> 1.0874394 | L27: =L15/$E15 -> 1.1007798 | ... P27: =P15/$E15 -> 1.1312849
A28: EU population | C28: Eurostat (see drivers tab) | E28: ='4 energy drivers'!E32/'4 energy drivers'!$E32 -> 1 | F28: ='4 energy drivers'!F32/'4 energy drivers'!$E32 -> 1.0032304 | G28: ='4 energy drivers'!G32/'4 energy drivers'!$E32 -> 1.0065913 | H28: ='4 energy drivers'!H32/'4 energy drivers'!$E32 -> 1.0098144 | I28: ='4 energy drivers'!I32/'4 energy drivers'!$E32 -> 1.0122039 | J28: ='4 energy drivers'!J32/'4 energy drivers'!$E32 -> 1.0136175 | K28: ='4 energy drivers'!K32/'4 energy drivers'!$E32 -> 1.0118224 | L28: ='4 energy drivers'!L32/'4 energy drivers'!$E32 -> 1.0133043 | ... T28: ='4 energy drivers'!T32/'4 energy drivers'!$E32 -> 1.0281077
A29: Total surface - tertiary | C29: Odyssee (see drivers tab) | D29: % of 2005 (from Odyssee: see energy drivers tab) | E29: ='4 energy drivers'!E18/'4 energy drivers'!$E18 -> 1 | F29: ='4 energy drivers'!F18/'4 energy drivers'!$E18 -> 0.99643473 | G29: ='4 energy drivers'!G18/'4 energy drivers'!$E18 -> 1.0124635 | H29: ='4 energy drivers'!H18/'4 energy drivers'!$E18 -> 1.0385601 | I29: ='4 energy drivers'!I18/'4 energy drivers'!$E18 -> 1.0469482 | J29: ='4 energy drivers'!J18/'4 energy drivers'!$E18 -> 1.055983 | K29: ='4 energy drivers'!K18/'4 energy drivers'!$E18 -> 1.0597429 | L29: ='4 energy drivers'!L18/'4 energy drivers'!$E18 -> 1.0714231 | ... S29: ='4 energy drivers'!S18/'4 energy drivers'!$E18 -> 1.1196775
A30: Average household size | D30: % of 2010 | J30: ='4 energy drivers'!J42/'4 energy drivers'!$J42 -> 1 | K30: ='4 energy drivers'!K42/'4 energy drivers'!$J42 -> 1 | L30: ='4 energy drivers'!L42/'4 energy drivers'!$J42 -> 1 | M30: ='4 energy drivers'!M42/'4 energy drivers'!$J42 -> 1 | N30: ='4 energy drivers'!N42/'4 energy drivers'!$J42 -> 0.95833333 | O30: ='4 energy drivers'!O42/'4 energy drivers'!$J42 -> 0.95833333 | P30: ='4 energy drivers'!P42/'4 energy drivers'!$J42 -> 0.95833333 | Q30: ='4 energy drivers'!Q42/'4 energy drivers'!$J42 -> 0.95833333 | ... T30: ='4 energy drivers'!T42/'4 energy drivers'!$J42 -> 0.95833333
A32: Non-residential buildings
A33: # of dwellings and buildings (source: EBSO)
B34: Source | D34: Unit | E34: 2005 | F34: 2006 | G34: 2007 | H34: 2008 | I34: 2009 | J34: 2010 | K34: 2011 | L34: 2012 | M34: 2013 | N34: 2014 | O34: 2015 | P34: 2016 | Q34: 2017 | R34: 2018 | S34: 2019
A35: Total # of buildings | D35: #1000 | L35: 11432.09 | M35: 11558.358 | N35: 11639.809 | O35: 11775.748 | P35: 11896.637 | Q35: 46300
I38: Indicator B4 | R38: =0.1982/0.0711 -> 2.7876231
R39: =0.2169/0.0782 -> 2.7736573
A55: Data for summary sheet at end of chapter
A56: annual change in total dwelling space (2012-2016) | L56: =L27-K27 -> 0.013340467 | M56: =M27-L27 -> 0.012155443 | N56: =N27-M27 -> 0.0043265548 | O56: =O27-N27 -> 0.0091172463 | P56: =P27-O27 -> 0.0049058347
A57: annual change in total dwelling space (2012-2016) | D57: =AVERAGE(L56:P56) -> 0.0087691092

Sheet B5a&b energy mix new
A1: Residential | B1: Source | C1: Unit
A2: Graph feed
D3: 2005 | I3: 2010 | N3: 2015 | S3: 2020 | X3: 2025 | AC3: 2030 | AH3: 2035 | AM3: 2040 | AR3: 2045 | AW3: 2050
A4: Fossils | B4: calculated | C4: % | D4: =SUM(D39:D41)/D$38 -> 0.5661235 | E4: =SUM(E39:E41)/E$38 -> 0.55726346 | F4: =SUM(F39:F41)/F$38 -> 0.51742437 | G4: =SUM(G39:G41)/G$38 -> 0.52641873 | H4: =SUM(H39:H41)/H$38 -> 0.51881097 | I4: =SUM(I39:I41)/I$38 -> 0.51869881 | J4: =SUM(J39:J41)/J$38 -> 0.50364642 | K4: =SUM(K39:K41)/K$38 -> 0.49741508 | ... T4: =SUM(T39:T41)/T$38 -> 0.455817
A5: Electricity | B5: calculated | C5: % | D5: =D42/D38 -> 0.2160435 | E5: =E42/E38 -> 0.22206552 | F5: =F42/F38 -> 0.23486467 | G5: =G42/G38 -> 0.22649044 | H5: =H42/H38 -> 0.22925665 | I5: =I42/I38 -> 0.22506153 | J5: =J42/J38 -> 0.2402841 | K5: =K42/K38 -> 0.23501991 | ... T5: =T42/T38 -> 0.24546313
A6: Biomass | B6: calculated | C6: % | D6: =D44/D38 -> 0.13012535 | E6: =E44/E38 -> 0.13512946 | F6: =F44/F38 -> 0.153862 | G6: =G44/G38 -> 0.15775224 | H6: =H44/H38 -> 0.16011629 | I6: =I44/I38 -> 0.1595698 | J6: =J44/J38 -> 0.15867276 | K6: =K44/K38 -> 0.1716003 | ... T6: =T44/T38 -> 0.17484867
A7: District heating | D7: =D43/D38 -> 0.083562774 | E7: =E43/E38 -> 0.080309272 | F7: =F43/F38 -> 0.086905004 | G7: =G43/G38 -> 0.08103047 | H7: =H43/H38 -> 0.08140925 | I7: =I43/I38 -> 0.084885953 | J7: =J43/J38 -> 0.084430524 | K7: =K43/K38 -> 0.081819563 | ... T7: =T43/T38 -> 0.086322221
A8: Non-bio renewables | B8: calculated | C8: % | D8: =(D45)/D38 -> 0.0041448854 | E8: =(E45)/E38 -> 0.0052322894 | F8: =(F45)/F38 -> 0.0069439482 | G8: =(G45)/G38 -> 0.0083081117 | H8: =(H45)/H38 -> 0.010406835 | I8: =(I45)/I38 -> 0.011783907 | J8: =(J45)/J38 -> 0.01296619 | K8: =(K45)/K38 -> 0.014145156 | ... T8: =(T45)/T38 -> 0.037548982
A9: Fossils - benchmark | B9: calculated | C9: % | AC9: =SUM(AC50:AC52)/AC49 -> 0.23816373 | AW9: =SUM(AW50:AW52)/AW49 -> 0.011530965
A10: Electricity - benchmark | B10: calculated | C10: % | AC10: =AC58/AC49 -> 0.36687025 | AW10: =AW58/AW49 -> 0.43717563
A11: Biomass - benchmark | B11: calculated | C11: % | AC11: =AC56/AC49 -> 0.17838154 | AW11: =AW56/AW49 -> 0.17709179
A12: District heating - benchmark | AC12: =AC55/AC49 -> 0.097565946 | AW12: =AW55/AW49 -> 0.094382827
A13: Non-bio renewables - benchmark | B13: calculated | C13: % | AC13: =(AC57+AC54+AC53)/AC49 -> 0.11901853 | AW13: =(AW57+AW54+AW53)/AW49 -> 0.27981879
A14: linear trajectories | T14: 0.455817 | U14: 0.4316333 | V14: 0.40744961 | W14: 0.38326591 | X14: 0.35908221 | Y14: 0.33489852 | Z14: 0.31071482 | AA14: 0.28653113 | AB14: 0.26234743 | AC14: 0.23816373 | AD14: 0.2268321 | AE14: 0.21550046 | AF14: 0.20416882 | AG14: 0.19283718 | AH14: 0.18150554 | AI14: 0.1701739 | AJ14: 0.15884227 | AK14: 0.14751063 | AL14: 0.13617899 | AM14: 0.12484735 | AN14: 0.11351571 | AO14: 0.10218407 | AP14: 0.090852434 | AQ14: 0.079520796 | AR14: 0.068189157 | AS14: 0.056857519 | AT14: 0.04552588 | AU14: 0.034194242 | AV14: 0.022862603 | AW14: 0.011530965
A15: linear trajectory | T15: 0.24546313 | U15: 0.25895281 | V15: 0.27244249 | W15: 0.28593217 | X15: 0.29942185 | Y15: 0.31291153 | Z15: 0.32640121 | AA15: 0.33989089 | AB15: 0.35338057 | AC15: 0.36687025 | AD15: 0.37038552 | AE15: 0.37390079 | AF15: 0.37741606 | AG15: 0.38093132 | AH15: 0.38444659 | AI15: 0.38796186 | AJ15: 0.39147713 | AK15: 0.3949924 | AL15: 0.39850767 | AM15: 0.40202294 | AN15: 0.40553821 | AO15: 0.40905348 | AP15: 0.41256875 | AQ15: 0.41608401 | AR15: 0.41959928 | AS15: 0.42311455 | AT15: 0.42662982 | AU15: 0.43014509 | AV15: 0.43366036 | AW15: 0.43717563
A16: linear trajectory | T16: 0.17484867 | U16: 0.17524121 | V16: 0.17563375 | W16: 0.17602629 | X16: 0.17641883 | Y16: 0.17681138 | Z16: 0.17720392 | AA16: 0.17759646 | AB16: 0.177989 | AC16: 0.17838154 | AD16: 0.17831705 | AE16: 0.17825256 | AF16: 0.17818808 | AG16: 0.17812359 | AH16: 0.1780591 | AI16: 0.17799461 | AJ16: 0.17793013 | AK16: 0.17786564 | AL16: 0.17780115 | AM16: 0.17773666 | AN16: 0.17767218 | AO16: 0.17760769 | AP16: 0.1775432 | AQ16: 0.17747871 | AR16: 0.17741423 | AS16: 0.17734974 | AT16: 0.17728525 | AU16: 0.17722076 | AV16: 0.17715628 | AW16: 0.17709179
A17: linear trajectory | T17: 0.086322221 | U17: 0.087571524 | V17: 0.088820827 | W17: 0.090070129 | X17: 0.091319432 | Y17: 0.092568735 | Z17: 0.093818038 | AA17: 0.095067341 | AB17: 0.096316643 | AC17: 0.097565946 | AD17: 0.09740679 | AE17: 0.097247634 | AF17: 0.097088478 | AG17: 0.096929322 | AH17: 0.096770166 | AI17: 0.09661101 | AJ17: 0.096451855 | AK17: 0.096292699 | AL17: 0.096133543 | AM17: 0.095974387 | AN17: 0.095815231 | AO17: 0.095656075 | AP17: 0.095496919 | AQ17: 0.095337763 | AR17: 0.095178607 | AS17: 0.095019451 | AT17: 0.094860295 | AU17: 0.094701139 | AV17: 0.094541983 | AW17: 0.094382827
T18: 0.037548982 | U18: 0.046601154 | V18: 0.055653326 | W18: 0.064705498 | X18: 0.07375767 | Y18: 0.082809842 | Z18: 0.091862015 | AA18: 0.10091419 | AB18: 0.10996636 | AC18: 0.11901853 | AD18: 0.12705854 | AE18: 0.13509856 | AF18: 0.14313857 | AG18: 0.15117858 | AH18: 0.1592186 | AI18: 0.16725861 | AJ18: 0.17529862 | AK18: 0.18333863 | AL18: 0.19137865 | AM18: 0.19941866 | AN18: 0.20745867 | AO18: 0.21549869 | AP18: 0.2235387 | AQ18: 0.23157871 | AR18: 0.23961873 | AS18: 0.24765874 | AT18: 0.25569875 | AU18: 0.26373876 | AV18: 0.27177878 | AW18: 0.27981879
E28: Indicator B5a
D30: 2017-2021 | E30: 2022-2030 | F30: 2031-2050
A31: Fossils | D31: =(T4-P4)/4 -> -0.0057742577 | E31: =(AC9-T4)/9 -> -0.024183696 | F31: =AD14-AC14 -> -0.011331639
A32: Electricity | D32: =(T5-P5)/4 -> 0.00085840462 | E32: =(AC10-T5)/9 -> 0.01348968 | F32: =AE15-AD15 -> 0.003515269
A33: non-bio renewables | D33: =(T8-P8)/4 -> 0.0028784964 | E33: =(AC13-T8)/9 -> 0.0090521721 | F33: =AE18-AD18 -> 0.008040013
A36: Historic
D37: 2005 | I37: 2010 | N37: 2015 | S37: 2020 | X37: 2025 | AC37: 2030 | AH37: 2035 | AM37: 2040 | AR37: 2045 | AW37: 2050
A38: Total | B38: calculated | C38: ktoe | D38: =SUM(D39:D45) -> 266316.41 | E38: =SUM(E39:E45) -> 265392.05 | F38: =SUM(F39:F45) -> 249232.85 | G38: =SUM(G39:G45) -> 264260.89 | H38: =SUM(H39:H45) -> 262381.2 | I38: =SUM(I39:I45) -> 278929.48 | J38: =SUM(J39:J45) -> 251894.43 | K38: =SUM(K39:K45) -> 263012.15 | ... T38: =SUM(T39:T45) -> 261812.69
A39: Other fossils (solids, …) | B39: Eurostat energy balance | C39: ktoe | D39: 9237.906 | E39: 10214.345 | F39: 9163.505 | G39: 9724.203 | H39: 9878.539 | I39: 11416.98 | J39: 9900.838 | K39: 10161.539 | L39: 9821.436 | M39: 8804.607 | N39: 8701.245 | O39: 9006.828 | P39: 8917.467 | Q39: 8344.016 | R39: 6776.026 | S39: 6925.547 | T39: 6630.588
A40: Liquid fossils | B40: Eurostat energy balance | C40: ktoe | D40: 52606.552 | E40: 50544.129 | F40: 39674.239 | G40: 45449.054 | H40: 41516.874 | I40: 41083.057 | J40: 36193.663 | K40: 35601.929 | L40: 35792.314 | M40: 31221.26 | N40: 32054.46 | O40: 30787.212 | P40: 30221.252 | Q40: 28508.875 | R40: 29071.42 | S40: 30460.023 | T40: 24998.342
A41: Natural gas | B41: Eurostat energy balance | C41: ktoe | D41: 88923.519 | E41: 87134.815 | F41: 80121.407 | G41: 83938.626 | H41: 84730.833 | I41: 92180.353 | J41: 80771.228 | K41: 85062.74 | L41: 86508.378 | M41: 70920.886 | N41: 76833.896 | O41: 81737.671 | P41: 81410.204 | Q41: 80473.873 | R41: 79623.462 | S41: 78599.934 | T41: 87709.745
A42: Electricity | B42: Eurostat energy balance | C42: ktoe | D42: 57535.929 | E42: 58934.424 | F42: 58535.992 | G42: 59852.566 | H42: 60152.637 | I42: 62776.295 | J42: 60526.228 | K42: 61813.091 | L42: 61544.727 | M42: 58618.234 | N42: 59488.019 | O42: 60514.434 | P42: 60921.992 | Q42: 60699.591 | R42: 60522.618 | S42: 61271.582 | T42: 64265.362
A43: District heating | B43: Eurostat energy balance | C43: ktoe | D43: 22254.138 | E43: 21313.442 | F43: 21659.582 | G43: 21413.184 | H43: 21360.257 | I43: 23677.195 | J43: 21267.579 | K43: 21519.539 | L43: 22623.038 | M43: 20186.481 | N43: 21084.388 | O43: 22096.583 | P43: 22151.031 | Q43: 21103.143 | R43: 20857.857 | S43: 20414.4 | T43: 22600.253
A44: Renewables - bio | B44: Eurostat energy balance | C44: ktoe | D44: 34654.515 | E44: 35862.283 | F44: 38347.466 | G44: 41687.748 | H44: 42011.506 | I44: 44508.723 | J44: 39968.785 | K44: 45132.963 | L44: 45665.025 | M44: 40391.964 | N44: 41850.106 | O44: 41199.444 | P44: 41537.78 | Q44: 43508.32 | R44: 43573.318 | S44: 42105.459 | T44: 45777.601
A45: Renewables - other | B45: Eurostat energy balance | C45: ktoe | D45: 1103.851 | E45: 1388.608 | F45: 1730.66 | G45: 2195.509 | H45: 2730.558 | I45: 3286.879 | J45: 3266.111 | K45: 3720.348 | L45: 4136.387 | M45: 4493.715 | N45: 5015.878 | O45: 5534.556 | P45: 6553.349 | Q45: 7109.3 | R45: 7764.447 | S45: 8350.866 | T45: 9830.8
A47: CTP MIX scenario
D48: 2005 | I48: 2010 | N48: 2015 | S48: 2020 | X48: 2025 | AC48: 2030 | AH48: 2035 | AM48: 2040 | AR48: 2045 | AW48: 2050
A49: Total | B49: calculated | C49: ktoe | N49: =SUM(N50:N58) -> 243.85928 | AC49: =SUM(AC50:AC58) -> 202.03037 | AW49: =SUM(AW50:AW58) -> 176.53296
A50: Coal | B50: CTP IA part 2 figure 55 | C50: ktoe | N50: 8.451166 | AC50: 0.24901519 | AW50: 0
A51: Oil | B51: CTP IA part 2 figure 55 | C51: ktoe | N51: 31.966492 | AC51: 5.8139191 | AW51: 0.048092689
A52: Natural gas | B52: CTP IA part 2 figure 55 | C52: ktoe | N52: 75.6943 | AC52: 42.053372 | AW52: 1.9875027
A53: e-gas | B53: CTP IA part 2 figure 55 | C53: ktoe | N53: 0 | AC53: 0 | AW53: 13.099554
A54: Hydrogen | B54: CTP IA part 2 figure 55 | C54: ktoe | N54: 0 | AC54: 0 | AW54: 3.5004626
A55: Heat distributed | B55: CTP IA part 2 figure 55 | C55: ktoe | N55: 21.131826 | AC55: 19.711284 | AW55: 16.66168
A56: Bioenergy | B56: CTP IA part 2 figure 55 | C56: ktoe | N56: 42.015706 | AC56: 36.038488 | AW56: 31.262539
A57: Other RES | B57: CTP IA part 2 figure 55 | C57: ktoe | N57: 5.219214 | AC57: 24.045357 | AW57: 32.797224
A58: Electricity | B58: CTP IA part 2 figure 55 | C58: ktoe | N58: 59.380578 | AC58: 74.118931 | AW58: 77.17591
A60: Tertiary | B60: Source | C60: Unit
A61: Graph feed
D62: 2005 | I62: 2010 | N62: 2015 | S62: 2020 | X62: 2025 | AC62: 2030 | AH62: 2035 | AM62: 2040 | AR62: 2045 | AW62: 2050
A63: Fossils | B63: calculated | C63: % | D63: =SUM(D94:D96)/D93 -> 0.46977533 | E63: =SUM(E94:E96)/E93 -> 0.46654901 | F63: =SUM(F94:F96)/F93 -> 0.42854239 | G63: =SUM(G94:G96)/G93 -> 0.43893856 | H63: =SUM(H94:H96)/H93 -> 0.43256115 | I63: =SUM(I94:I96)/I93 -> 0.42837593 | J63: =SUM(J94:J96)/J93 -> 0.40796739 | K63: =SUM(K94:K96)/K93 -> 0.40900116 | ... T63: =SUM(T94:T96)/T93 -> 0.38736503
A64: Electricity | B64: calculated | C64: % | D64: =D97/D93 -> 0.43587173 | E64: =E97/E93 -> 0.44263953 | F64: =F97/F93 -> 0.47337413 | G64: =G97/G93 -> 0.46008124 | H64: =H97/H93 -> 0.46433032 | I64: =I97/I93 -> 0.45690739 | J64: =J97/J93 -> 0.48565313 | K64: =K97/K93 -> 0.48114769 | ... T64: =T97/T93 -> 0.46305092
A65: Biomass | B65: calculated | C65: % | D65: =D99/D93 -> 0.016231476 | E65: =E99/E93 -> 0.016677183 | F65: =F99/F93 -> 0.019280894 | G65: =G99/G93 -> 0.020766669 | H65: =H99/H93 -> 0.022327053 | I65: =I99/I93 -> 0.024661362 | J65: =J99/J93 -> 0.022523939 | K65: =K99/K93 -> 0.024854538 | ... T65: =T99/T93 -> 0.033162294
A66: District heating | D66: =D98/D93 -> 0.073785609 | E66: =E98/E93 -> 0.069686819 | F66: =F98/F93 -> 0.073742028 | G66: =G98/G93 -> 0.074736691 | H66: =H98/H93 -> 0.074995723 | I66: =I98/I93 -> 0.084048791 | J66: =J98/J93 -> 0.075904285 | K66: =K98/K93 -> 0.076371951 | ... T66: =T98/T93 -> 0.072671758
A67: Non-bio renewables | B67: calculated | C67: % | D67: =(D100)/D93 -> 0.0043358546 | E67: =(E100)/E93 -> 0.0044474574 | F67: =(F100)/F93 -> 0.0050605618 | G67: =(G100)/G93 -> 0.005476841 | H67: =(H100)/H93 -> 0.0057857552 | I67: =(I100)/I93 -> 0.0060065211 | J67: =(J100)/J93 -> 0.0079512493 | K67: =(K100)/K93 -> 0.0086246602 | ... T67: =(T100)/T93 -> 0.043749997
A68: Fossils - benchmark | B68: calculated | C68: % | AC68: =SUM(AC105:AC107)/AC104 -> 0.21190183 | AW68: =SUM(AW105:AW107)/AW104 -> 0.011546131
A69: Electricity - benchmark | B69: calculated | C69: % | AC69: =AC113/AC104 -> 0.52977909 | AW69: =AW113/AW104 -> 0.59434627
A70: Biomass - benchmark | B70: calculated | C70: % | AC70: =AC111/AC104 -> 0.03899165 | AW70: =AW111/AW104 -> 0.048300677
A71: District heating - benchmark | AC71: =AC110/AC104 -> 0.072916317 | AW71: =AW110/AW104 -> 0.056887412
A72: Non-bio renewables - benchmark | B72: calculated | C72: % | AC72: =(AC112+AC109+AC108)/AC104 -> 0.14641112 | AW72: =(AW112+AW109+AW108)/AW104 -> 0.28891951
A73: linear trajectories | T73: 0.38736503 | U73: 0.36786912 | V73: 0.34837321 | W73: 0.3288773 | X73: 0.30938139 | Y73: 0.28988548 | Z73: 0.27038956 | AA73: 0.25089365 | AB73: 0.23139774 | AC73: 0.21190183 | AD73: 0.20188404 | AE73: 0.19186626 | AF73: 0.18184847 | AG73: 0.17183069 | AH73: 0.1618129 | AI73: 0.15179512 | AJ73: 0.14177733 | AK73: 0.13175955 | AL73: 0.12174176 | AM73: 0.11172398 | AN73: 0.10170619 | AO73: 0.09168841 | AP73: 0.081670625 | AQ73: 0.07165284 | AR73: 0.061635055 | AS73: 0.05161727 | AT73: 0.041599486 | AU73: 0.031581701 | AV73: 0.021563916 | AW73: 0.011546131
A74: linear trajectory | T74: 0.46305092 | U74: 0.47046516 | V74: 0.4778794 | W74: 0.48529364 | X74: 0.49270788 | Y74: 0.50012212 | Z74: 0.50753636 | AA74: 0.5149506 | AB74: 0.52236484 | AC74: 0.52977909 | AD74: 0.53300744 | AE74: 0.5362358 | AF74: 0.53946416 | AG74: 0.54269252 | AH74: 0.54592088 | AI74: 0.54914924 | AJ74: 0.5523776 | AK74: 0.55560596 | AL74: 0.55883432 | AM74: 0.56206268 | AN74: 0.56529104 | AO74: 0.56851939 | AP74: 0.57174775 | AQ74: 0.57497611 | AR74: 0.57820447 | AS74: 0.58143283 | AT74: 0.58466119 | AU74: 0.58788955 | AV74: 0.59111791 | AW74: 0.59434627
A75: linear trajectory | T75: 0.043749997 | U75: 0.055156789 | V75: 0.06656358 | W75: 0.077970371 | X75: 0.089377163 | Y75: 0.10078395 | Z75: 0.11219075 | AA75: 0.12359754 | AB75: 0.13500433 | AC75: 0.14641112 | AD75: 0.15353654 | AE75: 0.16066196 | AF75: 0.16778738 | AG75: 0.1749128 | AH75: 0.18203822 | AI75: 0.18916364 | AJ75: 0.19628906 | AK75: 0.20341448 | AL75: 0.2105399 | AM75: 0.21766532 | AN75: 0.22479074 | AO75: 0.23191616 | AP75: 0.23904157 | AQ75: 0.24616699 | AR75: 0.25329241 | AS75: 0.26041783 | AT75: 0.26754325 | AU75: 0.27466867 | AV75: 0.28179409 | AW75: 0.28891951
D85: 2017-2021 | E85: 2022-2030 | F85: 2031-2050
A86: Fossils | D86: =(T63-P63)/4 -> -0.000576161 | E86: =(AC68-T63)/9 -> -0.019495912 | F86: =AD73-AC73 -> -0.010017785
A87: Electricity | D87: =(T64-P64)/4 -> -0.0032058903 | E87: =(AC69-T64)/9 -> 0.0074142411 | F87: =AE74-AD74 -> 0.0032283591
A88: non-bio renewables | D88: =(T67-P67)/4 -> 0.0016574669 | E88: =(AC72-T67)/9 -> 0.011406791 | F88: =AE75-AD75 -> 0.0071254196 | H88: Indicator B5b
A91: Historic
D92: 2005 | I92: 2010 | N92: 2015 | S92: 2020 | X92: 2025 | AC92: 2030 | AH92: 2035 | AM92: 2040 | AR92: 2045 | AW92: 2050
A93: Total | B93: calculated | C93: ktoe | D93: =SUM(D94:D100) -> 127980.54 | E93: =SUM(E94:E100) -> 133009.93 | F93: =SUM(F94:F100) -> 126299.02 | G93: =SUM(G94:G100) -> 134180.45 | H93: =SUM(H94:H100) -> 134343.57 | I93: =SUM(I94:I100) -> 139983.02 | J93: =SUM(J94:J100) -> 128306.38 | K93: =SUM(K94:K100) -> 131148.12 | ... T93: =SUM(T94:T100) -> 129306.61
A94: Other fossils (liquid, solids, …) | B94: Eurostat energy balance | C94: ktoe | D94: ='Energy balances (for buildings)'!B57+'Energy balances (for buildings)'!B66+'Energy balances (for buildings)'!B71+'Energy balances (for buildings)'!B99 -> 1365.466 | E94: ='Energy balances (for buildings)'!C57+'Energy balances (for buildings)'!C66+'Energy balances (for buildings)'!C71+'Energy balances (for buildings)'!C99 -> 1615.042 | F94: ='Energy balances (for buildings)'!D57+'Energy balances (for buildings)'!D66+'Energy balances (for buildings)'!D71+'Energy balances (for buildings)'!D99 -> 1588.832 | G94: ='Energy balances (for buildings)'!E57+'Energy balances (for buildings)'!E66+'Energy balances (for buildings)'!E71+'Energy balances (for buildings)'!E99 -> 1689.481 | H94: ='Energy balances (for buildings)'!F57+'Energy balances (for buildings)'!F66+'Energy balances (for buildings)'!F71+'Energy balances (for buildings)'!F99 -> 1920.997 | I94: ='Energy balances (for buildings)'!G57+'Energy balances (for buildings)'!G66+'Energy balances (for buildings)'!G71+'Energy balances (for buildings)'!G99 -> 1842.405 | J94: ='Energy balances (for buildings)'!H57+'Energy balances (for buildings)'!H66+'Energy balances (for buildings)'!H71+'Energy balances (for buildings)'!H99 -> 1564.914 | K94: ='Energy balances (for buildings)'!I57+'Energy balances (for buildings)'!I66+'Energy balances (for buildings)'!I71+'Energy balances (for buildings)'!I99 -> 1322.272 | ... T94: ='Energy balances (for buildings)'!R57+'Energy balances (for buildings)'!R66+'Energy balances (for buildings)'!R71+'Energy balances (for buildings)'!R99 -> 1067.861
A95: Liquid fossils | B95: Eurostat energy balance | C95: ktoe | D95: ='Energy balances (for buildings)'!B75 -> 22059.443 | E95: ='Energy balances (for buildings)'!C75 -> 21220.915 | F95: ='Energy balances (for buildings)'!D75 -> 17277.784 | G95: ='Energy balances (for buildings)'!E75 -> 19699.341 | H95: ='Energy balances (for buildings)'!F75 -> 18082.639 | I95: ='Energy balances (for buildings)'!G75 -> 17761.063 | J95: ='Energy balances (for buildings)'!H75 -> 15799.021 | K95: ='Energy balances (for buildings)'!I75 -> 15811.523 | ... T95: ='Energy balances (for buildings)'!R75 -> 10844.84
A96: Natural gas | B96: Eurostat energy balance | C96: ktoe | D96: ='Energy balances (for buildings)'!B74 -> 36697.19 | E96: 39219.694 | F96: 35257.868 | G96: 37508.152 | H96: 38108.172 | I96: 40361.891 | J96: 34980.884 | K96: 36505.94 | L96: 38608.582 | M96: 33536.068 | N96: 35996.272 | O96: 36530.9 | P96: 36409.67 | Q96: 37823.474 | R96: 36170.811 | S96: 34561.708 | T96: 38176.16
A97: Electricity | B97: Eurostat energy balance | C97: ktoe | D97: ='Energy balances (for buildings)'!B102 -> 55783.099 | E97: 58875.454 | F97: 59786.689 | G97: 61733.909 | H97: 62379.792 | I97: 63959.279 | J97: 62312.395 | K97: 63101.616 | L97: 62667.405 | M97: 60735.267 | N97: 63039.824 | O97: 63580.814 | P97: 63711.05 | Q97: 63646.466 | R97: 62403.236 | S97: 58248.449 | T97: 59875.546
A98: District heating | B98: Eurostat energy balance | C98: ktoe | D98: ='Energy balances (for buildings)'!B103 -> 9443.122 | E98: 9269.039 | F98: 9313.546 | G98: 10028.203 | H98: 10075.193 | I98: 11765.404 | J98: 9739.004 | K98: 10016.038 | L98: 9072.083 | M98: 8517.167 | N98: 8460.624 | O98: 8854.487 | P98: 9236.06 | Q98: 9247.382 | R98: 9116.666 | S98: 8468.086 | T98: 9396.939
A99: Renewables - bio | B99: Eurostat energy balance | C99: ktoe | D99: =SUM('Energy balances (for buildings)'!B91:B98) -> 2077.313 | E99: =SUM('Energy balances (for buildings)'!C91:C98) -> 2218.231 | F99: =SUM('Energy balances (for buildings)'!D91:D98) -> 2435.158 | G99: =SUM('Energy balances (for buildings)'!E91:E98) -> 2786.481 | H99: =SUM('Energy balances (for buildings)'!F91:F98) -> 2999.496 | I99: =SUM('Energy balances (for buildings)'!G91:G98) -> 3452.172 | J99: =SUM('Energy balances (for buildings)'!H91:H98) -> 2889.965 | K99: =SUM('Energy balances (for buildings)'!I91:I98) -> 3259.626 | ... T99: =SUM('Energy balances (for buildings)'!R91:R98) -> 4288.104
A100: Renewables - other | B100: Eurostat energy balance | C100: ktoe | D100: ='Energy balances (for buildings)'!B86-'B5a&b energy mix new'!D99 -> 554.905 | E100: ='Energy balances (for buildings)'!C86-'B5a&b energy mix new'!E99 -> 591.556 | F100: ='Energy balances (for buildings)'!D86-'B5a&b energy mix new'!F99 -> 639.144 | G100: ='Energy balances (for buildings)'!E86-'B5a&b energy mix new'!G99 -> 734.885 | H100: ='Energy balances (for buildings)'!F86-'B5a&b energy mix new'!H99 -> 777.279 | I100: ='Energy balances (for buildings)'!G86-'B5a&b energy mix new'!I99 -> 840.811 | J100: ='Energy balances (for buildings)'!H86-'B5a&b energy mix new'!J99 -> 1020.196 | K100: ='Energy balances (for buildings)'!I86-'B5a&b energy mix new'!K99 -> 1131.108 | ... T100: ='Energy balances (for buildings)'!R86-'B5a&b energy mix new'!T99 -> 5657.164
A102: CTP MIX scenario
D103: 2005 | I103: 2010 | N103: 2015 | S103: 2020 | X103: 2025 | AC103: 2030 | AH103: 2035 | AM103: 2040 | AR103: 2045 | AW103: 2050
A104: Total | B104: calculated | C104: ktoe | N104: =SUM(N105:N113) -> 130.03377 | AC104: =SUM(AC105:AC113) -> 119.48155 | AW104: =SUM(AW105:AW113) -> 107.7336
A105: Coal | B105: CTP IA part 2 figure 55 | C105: ktoe | N105: 1.049012 | AC105: 0.045568575 | AW105: 0
A106: Oil | B106: CTP IA part 2 figure 55 | C106: ktoe | N106: 14.607473 | AC106: 3.2431131 | AW106: 0.0023685866
A107: Natural gas | B107: CTP IA part 2 figure 55 | C107: ktoe | N107: 38.131187 | AC107: 22.029677 | AW107: 1.2415377
A108: e-gas | B108: CTP IA part 2 figure 55 | C108: ktoe | N108: 0 | AC108: 0 | AW108: 8.1829274
A109: Hydrogen | B109: CTP IA part 2 figure 55 | C109: ktoe | N109: 0 | AC109: 0 | AW109: 2.1866418
A110: Heat distributed | B110: CTP IA part 2 figure 55 | C110: ktoe | N110: 8.40143 | AC110: 8.7121544 | AW110: 6.128686
A111: Bioenergy | B111: CTP IA part 2 figure 55 | C111: ktoe | N111: 3.70033 | AC111: 4.6587826 | AW111: 5.203606
A112: Other RES | B112: CTP IA part 2 figure 55 | C112: ktoe | N112: 1.614242 | AC112: 17.493427 | AW112: 20.756771
A113: Electricity | B113: CTP IA part 2 figure 55 | C113: ktoe | N113: 62.530098 | AC113: 63.298825 | AW113: 64.031065

Sheet B6. heat pumps
A1: Objectives
A2: Policy | B2: Source | C2: Indicator | D2: Unit | E2: Target year | F2: Objective
A3: RePowerEU | B3: SWD table 4 | C3: total installed in residential and services | D3: million units | E3: 2030 | F3: 41.5
A4: RePowerEU | B4: Main doc, page 6 | C4: new heat pumps installed | D4: million units | E4: 2026 | F4: 10
A5: RePowerEU | B5: Main doc, page 6 | C5: new sales | E5: 2022-2026 | F5: doubling
A8: Historic
A9: Installed capacity (MW) - Eurostat NRG_INF_HPTC
B10: 2005 | C10: 2006 | D10: 2007 | E10: 2008 | F10: 2009 | G10: 2010 | H10: 2011 | I10: 2012 | J10: 2013 | K10: 2014 | L10: 2015 | M10: 2016 | N10: 2017 | O10: 2018 | P10: 2019 | Q10: 2020 | R10: 2021
A11: Aerothermal | B11: 4591.212 | C11: 8066.171 | D11: 12398.515 | E11: 17212.059 | F11: 21375.631 | G11: 25251.036 | H11: 31355.899 | I11: 35253.971 | J11: 39153.324 | K11: 65252.532 | L11: 72464.264 | M11: 80844.086 | N11: 222658.98 | O11: 230957.92 | P11: 240130.53 | Q11: 253191.47 | R11: 271288.16
A12: Geothermal | B12: 2142.698 | C12: 2748.21 | D12: 3335.942 | E12: 3984.466 | F12: 4703.918 | G12: 5216.176 | H12: 10884.037 | I12: 11511.273 | J12: 12163.824 | K12: 12400.536 | L12: 12739.292 | M12: 13948.033 | N12: 15220.606 | O12: 15890.008 | P12: 16251.334 | Q12: 17062.937 | R12: 17413.348
A13: Hydrothermal | B13: 384.66 | C13: 446.377 | D13: 510.388 | E13: 584.838 | F13: 669.706 | G13: 726.406 | H13: 780.412 | I13: 832.602 | J13: 884.749 | K13: 941.034 | L13: 986.743 | M13: 1028.033 | N13: 1164.782 | O13: 1198.604 | P13: 1228.296 | Q13: 1259.833 | R13: 1355.151
A14: Total | I14: =I11+I12+I13 -> 47597.846 | J14: =J11+J12+J13 -> 52201.897 | K14: =K11+K12+K13 -> 78594.102 | L14: =L11+L12+L13 -> 86190.299 | M14: =M11+M12+M13 -> 95820.152 | N14: =N11+N12+N13 -> 239044.37 | O14: =O11+O12+O13 -> 248046.53 | P14: =P11+P12+P13 -> 257610.16 | ... R14: =R11+R12+R13 -> 290056.66
A16: Number of installations (EHPA annual report) - in 1000 units
B17: 2005 | C17: 2006 | D17: 2007 | E17: 2008 | F17: 2009 | G17: 2010 | H17: 2011 | I17: 2012 | J17: 2013 | K17: 2014 | L17: 2015 | M17: 2016 | N17: 2017 | O17: 2018 | P17: 2019 | Q17: 2020 | R17: 2021 | S17: 2022
A18: Sales | B18: 446.037 | C18: 502.965 | D18: 572.84 | E18: 804.457 | F18: 731.482 | G18: 788.605 | H18: 802.66 | I18: 743.88 | J18: 757.142 | K18: 791.538 | L18: 892.809 | M18: 999.682 | N18: 1120 | O18: 1270 | P18: 1510 | Q18: 1600 | R18: 2160 | S18: 3000
A19: Total stock | B19: 1100 | C19: 1600 | D19: 2170 | E19: 2980 | F19: 3710 | G19: 4500 | H19: 5300 | I19: 6030 | J19: 6780 | K19: 7550 | L19: 8430 | M19: 9410 | N19: 10500 | O19: 11780 | P19: 13210 | Q19: 14770 | R19: 16870 | S19: 19790
A23: Historic vs. required
A24: New units
B25: 2005 | C25: 2006 | D25: 2007 | E25: 2008 | F25: 2009 | G25: 2010 | H25: 2011 | I25: 2012 | J25: 2013 | K25: 2014 | L25: 2015 | M25: 2016 | N25: 2017 | O25: 2018 | P25: 2019 | Q25: 2020 | R25: 2021 | S25: 2022 | T25: 2023 | U25: 2024 | V25: 2025 | W25: 2026 | X25: 2027 | Y25: 2028 | Z25: 2029 | AA25: 2030
B26: 2005 | G26: 2010 | L26: 2015 | Q26: 2020 | V26: 2025 | AA26: 2030
A27: Historic (in MW capacity) | C27: =(C11-B11)/1000 -> 3.474959 | D27: =(D11-C11)/1000 -> 4.332344 | E27: =(E11-D11)/1000 -> 4.813544 | F27: =(F11-E11)/1000 -> 4.163572 | G27: =(G11-F11)/1000 -> 3.875405 | H27: =(H11-G11)/1000 -> 6.104863 | I27: =(I11-H11)/1000 -> 3.898072 | J27: =(J11-I11)/1000 -> 3.899353 | ... R27: =(R11-Q11)/1000 -> 18.096687
A28: Historic | B28: =B18 -> 446.037 | C28: =C18 -> 502.965 | D28: =D18 -> 572.84 | E28: =E18 -> 804.457 | F28: =F18 -> 731.482 | G28: =G18 -> 788.605 | H28: =H18 -> 802.66 | I28: =I18 -> 743.88 | ... R28: =R18 -> 2160 | S28: 3000
A29: Average required | S29: 2000 | T29: 2000 | U29: 2000 | V29: 2000 | W29: 2000 | X29: =Y29 -> 3657.5 | Y29: =Z29 -> 3657.5 | Z29: =AA29 -> 3657.5 | AA29: =(AA36-W36)/4*1000 -> 3657.5
A30: Average 2018-2022 | O30: =AVERAGE(O28:S28) -> 1908 | P30: =O30 -> 1908 | Q30: =P30 -> 1908 | R30: =Q30 -> 1908 | S30: =R30 -> 1908 | T30: =S30 -> 1908 | U30: =T30 -> 1908 | V30: =U30 -> 1908 | W30: =V30 -> 1908 | ... AA30: =Z30 -> 1908
A31: 2018-2022 extrapolated | O31: {=TREND($O$28:$S$28,$O$25:$S$25,O$25)} -> 1086 | P31: {=TREND($O$28:$S$28,$O$25:$S$25,P$25)} -> 1497 | Q31: {=TREND($O$28:$S$28,$O$25:$S$25,Q$25)} -> 1908 | R31: {=TREND($O$28:$S$28,$O$25:$S$25,R$25)} -> 2319 | S31: {=TREND($O$28:$S$28,$O$25:$S$25,S$25)} -> 2730 | T31: {=TREND($O$28:$S$28,$O$25:$S$25,T$25)} -> 3141 | U31: {=TREND($O$28:$S$28,$O$25:$S$25,U$25)} -> 3552 | V31: {=TREND($O$28:$S$28,$O$25:$S$25,V$25)} -> 3963 | ... AA31: {=TREND($O$28:$S$28,$O$25:$S$25,AA$25)} -> 6018
A33: Total stock - in million
B34: 2005 | G34: 2010 | L34: 2015 | Q34: 2020 | V34: 2025 | AA34: 2030
A35: Historic | B35: =B19/1000 -> 1.1 | C35: =C19/1000 -> 1.6 | D35: =D19/1000 -> 2.17 | E35: =E19/1000 -> 2.98 | F35: =F19/1000 -> 3.71 | G35: =G19/1000 -> 4.5 | H35: =H19/1000 -> 5.3 | I35: =I19/1000 -> 6.03 | ... S35: =S19/1000 -> 19.79
A36: RePowerEU objectives | W36: =R35+10 -> 26.87 | AA36: 41.5
T37: =($W36-$S35)/4 -> 1.77 | U37: =($W36-$S35)/4 -> 1.77 | V37: =($W36-$S35)/4 -> 1.77 | X37: =($AA36-$W36)/4 -> 3.6575 | Y37: =($AA36-$W36)/4 -> 3.6575 | Z37: =($AA36-$W36)/4 -> 3.6575
T38: =$S35 -> 19.79 | U38: =T38+T37 -> 21.56 | V38: =U38+U37 -> 23.33 | X38: =$W36 -> 26.87 | Y38: =X38+X37 -> 30.5275 | Z38: =Y38+Y37 -> 34.185
A39: Extrapolation (2018-2022) | O39: {=TREND($O35:$S35,$O25:$S25,O25)} -> 11.348 | P39: {=TREND($O35:$S35,$O25:$S25,P25)} -> 13.316 | Q39: {=TREND($O35:$S35,$O25:$S25,Q25)} -> 15.284 | R39: {=TREND($O35:$S35,$O25:$S25,R25)} -> 17.252 | S39: {=TREND($O35:$S35,$O25:$S25,S25)} -> 19.22 | T39: {=TREND($O35:$S35,$O25:$S25,T25)} -> 21.188 | U39: {=TREND($O35:$S35,$O25:$S25,U25)} -> 23.156 | V39: {=TREND($O35:$S35,$O25:$S25,V25)} -> 25.124 | ... AA39: {=TREND($O35:$S35,$O25:$S25,AA25)} -> 34.964
A41: Historic vs. Required in million units
B42: =B26 -> 2005 | G42: =G26 -> 2010 | L42: =L26 -> 2015 | Q42: =Q26 -> 2020 | V42: =V26 -> 2025 | AA42: =AA26 -> 2030
A43: =A28 -> Historic | B43: =B28/1000 -> 0.446037 | C43: =C28/1000 -> 0.502965 | D43: =D28/1000 -> 0.57284 | E43: =E28/1000 -> 0.804457 | F43: =F28/1000 -> 0.731482 | G43: =G28/1000 -> 0.788605 | H43: =H28/1000 -> 0.80266 | I43: =I28/1000 -> 0.74388 | ... S43: =S28/1000 -> 3
A44: =A29 -> Average required | S44: =S29/1000 -> 2 | T44: =T29/1000 -> 2 | U44: =U29/1000 -> 2 | V44: =V29/1000 -> 2 | W44: =W29/1000 -> 2 | X44: =X29/1000 -> 3.6575 | Y44: =Y29/1000 -> 3.6575 | Z44: =Z29/1000 -> 3.6575 | AA44: =AA29/1000 -> 3.6575
A45: =A30 -> Average 2018-2022 | O45: =O30/1000 -> 1.908 | P45: =P30/1000 -> 1.908 | Q45: =Q30/1000 -> 1.908 | R45: =R30/1000 -> 1.908 | S45: =S30/1000 -> 1.908 | T45: =T30/1000 -> 1.908 | U45: =U30/1000 -> 1.908 | V45: =V30/1000 -> 1.908 | ... AA45: =AA30/1000 -> 1.908
A46: =A31 -> 2018-2022 extrapolated | O46: =O31/1000 -> 1.086 | P46: =P31/1000 -> 1.497 | Q46: =Q31/1000 -> 1.908 | R46: =R31/1000 -> 2.319 | S46: =S31/1000 -> 2.73 | T46: =T31/1000 -> 3.141 | U46: =U31/1000 -> 3.552 | V46: =V31/1000 -> 3.963 | ... AA46: =AA31/1000 -> 6.018
H47: Indicator B6
A67: Data for summary sheet at end of chapter
A69: Growth in heat pump stock: 2018-2022 (million units) | O69: =O35-N35 -> 1.28 | P69: =P35-O35 -> 1.43 | Q69: =Q35-P35 -> 1.56 | R69: =R35-Q35 -> 2.1 | S69: =S35-R35 -> 2.92
A70: Average annual growth: 2018-2022 | C70: =AVERAGE(O69:S69) -> 1.858
A71: Annual growth needed to REPower 2030 target | D71: =(AA36-S35)/8 -> 2.71375
D73: =D71/C70 -> 1.4605759

Sheet 4 energy drivers
A1: Selected energy use drivers from Odyssee-MURE database
A2: Database
A4: Item code | B4: ISO code | C4: Unit | D4: Title | E4: 2005 | F4: 2006 | G4: 2007 | H4: 2008 | I4: 2009 | J4: 2010 | K4: 2011 | L4: 2012 | M4: 2013 | N4: 2014 | O4: 2015 | P4: 2016 | Q4: 2017 | R4: 2018 | S4: 2019 | T4: 2020 | U4: 2021 | V4: Source | W4: Note | X4: Title
A5: toccfres | B5: EU | C5: Mtoe | D5: Final energy consumption (residential) | E5: 265.5653 | F5: 264.434 | G5: 248.0293 | H5: 262.606 | I5: 260.4893 | J5: 276.6985 | K5: 249.6825 | L5: 260.5072 | M5: 263.3369 | N5: 231.5988 | O5: 241.6133 | P5: 246.9204 | Q5: 246.7888 | R5: 243.4303 | S5: 241.4174 | T5: 241.3124 | U5: 251.8612 | V5: Enerdata | X5: Final consumption of residential sector
A6: toccfrescc | B6: EU | C6: Mtoe | D6: Climate-corrected final energy consumption (residential) | E6: 259.1989 | F6: 263.5838 | G6: 251.3424 | H6: 263.8712 | I6: 258.4492 | J6: 258.605 | K6: 253.6195 | L6: 253.5566 | M6: 259.4168 | N6: 241.0241 | O6: 247.9985 | P6: 248.1726 | Q6: 247.5761 | R6: 248.1999 | S6: 247.3486 | T6: 253.1593 | V6: NRD,Eurostat,ODYSSEE | X6: Final consumption of residential with climatic corrections
A7: surlog | B7: EU | C7: m2 | D7: Floor area of dwellings (y-on-y) | E7: 86.2299 | F7: 86.5794 | G7: 86.8448 | H7: 87.109 | I7: 87.4056 | J7: 88.8736 | K7: 89.3852 | L7: 89.4824 | M7: 89.6782 | N7: 89.8 | O7: 89.9573 | P7: 90.0468 | Q7: 90.0635 | R7: 90.0315 | S7: 90.0086 | T7: 90.0504 | V7: ODYSSEE | X7: Floor area of dwellings (y-on-y)
D8: Final energy consumption per m2 (residential) | E8: =E5/E7 -> 3.0797357 | F8: =F5/F7 -> 3.0542369 | G8: =G5/G7 -> 2.8560063 | H8: =H5/H7 -> 3.0146828 | I8: =I5/I7 -> 2.9802358 | J8: =J5/J7 -> 3.1133936 | K8: =K5/K7 -> 2.7933316 | L8: =L5/L7 -> 2.9112675 | ... T8: =T5/T7 -> 2.6797482
A9: Source: Odyssee
A11: Date of export: 2023-08-09
A13: Database
A15: Item code | B15: ISO code | C15: Unit | D15: Title | E15: 2005 | F15: 2006 | G15: 2007 | H15: 2008 | I15: 2009 | J15: 2010 | K15: 2011 | L15: 2012 | M15: 2013 | N15: 2014 | O15: 2015 | P15: 2016 | Q15: 2017 | R15: 2018 | S15: 2019 | T15: 2020 | U15: 2021 | V15: Source | W15: Note | X15: Title
A16: toccfter | B16: EU | C16: Mtoe | D16: Final energy consumption (services) | E16: 127.1124 | F16: 131.9009 | G16: 125.0547 | H16: 132.9022 | I16: 132.8969 | J16: 138.9805 | K16: 127.1161 | L16: 130.0307 | M16: 131.4993 | N16: 121.8207 | O16: 126.8507 | P16: 128.2464 | Q16: 128.9799 | R16: 126.1911 | S16: 123.1301 | T16: 115.8597 | U16: n.a. | V16: Enerdata,Eurostat | X16: Final consumption of services
A17: toccftercc | B17: EU | C17: Mtoe | D17: Climate-corrected final energy consumption (services) | E17: 125.3991 | F17: 131.6647 | G17: 125.9433 | H17: 133.2467 | I17: 132.346 | J17: 134.0191 | K17: 128.1193 | L17: 128.2557 | M17: 130.5027 | N17: 124.182 | O17: 128.4402 | P17: 128.5563 | Q17: 129.1742 | R17: 127.3219 | S17: 124.4967 | T17: 118.4395 | U17: n.a. | V17: NRD,Eurostat,ODYSSEE | X17: Total consumption of services (with climatic corrections)
A18: surter | B18: EU | C18: Mm2 | D18: Floor area of services | E18: 5135.1724 | F18: 5116.8641 | G18: 5199.1748 | H18: 5333.1853 | I18: 5376.2595 | J18: 5422.6545 | K18: 5441.9626 | L18: 5501.9421 | M18: 5573.4893 | N18: 5618.2498 | O18: 5657.6099 | P18: 5717.2377 | Q18: 5707.3284 | R18: 5753.2097 | S18: 5749.7369 | T18: 5274.0533 | U18: n.a. | V18: ODYSSEE | X18: Floor area of services
A20: Source: Odyssee
A22: Date of export: 2023-08-09
A24: Dataset: | B24: Population change - Demographic balance and crude rates at national level [DEMO_GIND__custom_7123476]
A25: Last updated: | B25: 13/07/2023 23:00
A27: Time frequency | C27: Annual
A28: Demographic indicator | C28: y-on-y population - total
A30: TIME | E30: 2005 | F30: 2006 | G30: 2007 | H30: 2008 | I30: 2009 | J30: 2010 | K30: 2011 | L30: 2012 | M30: 2013 | N30: 2014 | O30: 2015 | P30: 2016 | Q30: 2017 | R30: 2018 | S30: 2019 | T30: 2020 | U30: 2021 | V30: 2022
A31: GEO (Labels)
A32: European Union - 27 countries (from 2020) | E32: 435116254 | F32: 436521866 | G32: 437984240 | H32: 439386639 | I32: 440426387 | J32: 441041446 | K32: 440260386 | L32: 440905186 | M32: 441958943 | N32: 443274551 | O32: 444234821 | P32: 445167186 | Q32: 445871494 | R32: 446655355 | S32: 447022255 | T32: 447346360 | U32: 446904604 | V32: 447033117
A34: Dataset: | B34: y-on-y household size - EU-SILC survey [ILC_LVPH01__custom_7123881]
A35: Last updated: | B35: 11/07/2023 23:00
A37: Time frequency | C37: Annual
A38: Unit of measure | C38: y-on-y
A40: TIME | E40: 2005 | F40: 2006 | G40: 2007 | H40: 2008 | I40: 2009 | J40: 2010 | K40: 2011 | L40: 2012 | M40: 2013 | N40: 2014 | O40: 2015 | P40: 2016 | Q40: 2017 | R40: 2018 | S40: 2019 | T40: 2020 | U40: 2021 | V40: 2022
A41: GEO (Labels)
A42: European Union - 27 countries (from 2020) | J42: 2.4 | K42: 2.4 | L42: 2.4 | M42: 2.4 | N42: 2.3 | O42: 2.3 | P42: 2.3 | Q42: 2.3 | R42: 2.3 | S42: 2.3 | T42: 2.3 | U42: 2.3 | V42: 2.3
A44: Database
A46: Item code | B46: ISO code | C46: Unit | D46: =X46 -> Title | E46: 2005 | J46: 2010 | O46: 2015 | T46: 2020 | U46: 2021 | V46: Source | W46: Note | X46: Title
A47: toccftercc | B47: EU | C47: Mtoe | D47: =X47 -> Total consumption of services (with climatic corrections) | E47: 125.3991 | F47: 131.6647 | G47: 125.9433 | H47: 133.2467 | I47: 132.346 | J47: 134.0191 | K47: 128.1193 | L47: 128.2557 | M47: 130.5027 | N47: 124.182 | O47: 128.4402 | P47: 128.5563 | Q47: 129.1742 | R47: 127.3219 | S47: 124.4967 | T47: 118.4395 | U47: n.a. | V47: NRD,Eurostat,ODYSSEE | X47: Total consumption of services (with climatic corrections)
A48: surter | B48: EU | C48: Mm2 | D48: =X48 -> Floor area of services | E48: 5135.1724 | F48: 5116.8641 | G48: 5199.1748 | H48: 5333.1853 | I48: 5376.2595 | J48: 5422.6545 | K48: 5441.9626 | L48: 5501.9421 | M48: 5573.4893 | N48: 5618.2498 | O48: 5657.6099 | P48: 5717.2377 | Q48: 5707.3284 | R48: 5753.2097 | S48: 5749.7369 | T48: 5274.0533 | U48: n.a. | V48: ODYSSEE | X48: Floor area of services
C49: toe/m^2 | D49: final energy consumption per square metre - climate corrected (services) | E49: =E47/E48*1000 -> 24.419648 | F49: =F47/F48*1000 -> 25.731522 | G49: =G47/G48*1000 -> 24.22371 | H49: =H47/H48*1000 -> 24.98445 | I49: =I47/I48*1000 -> 24.616743 | J49: =J47/J48*1000 -> 24.714667 | K49: =K47/K48*1000 -> 23.542848 | L49: =L47/L48*1000 -> 23.310987 | ... T49: =T47/T48*1000 -> 22.457016
A50: cutocsurcc | B50: EU | C50: toe/m2 | D50: final energy consumption per square metre - climate corrected (residential) | E50: 17.6111 | F50: 17.6308 | G50: 16.6182 | H50: 17.2254 | I50: 16.6607 | J50: 16.1912 | K50: 15.7581 | L50: 15.6005 | M50: 15.8408 | N50: 14.6191 | O50: 14.9385 | P50: 14.8326 | Q50: 14.7134 | R50: 14.668 | S50: 14.5196 | T50: 14.7585 | U50: n.a. | V50: NRD,Eurostat,ODYSSEE | X50: Unit consumption per m2 with climatic corrections
C51: TWh | D51: =D47 -> Total consumption of services (with climatic corrections) | E51: =E47*Mtoe2TWh -> 1458.3915 | F51: =F47*Mtoe2TWh -> 1531.2605 | G51: =G47*Mtoe2TWh -> 1464.7206 | H51: =H47*Mtoe2TWh -> 1549.6591 | I51: =I47*Mtoe2TWh -> 1539.184 | J51: =J47*Mtoe2TWh -> 1558.6421 | K51: =K47*Mtoe2TWh -> 1490.0275 | L51: =L47*Mtoe2TWh -> 1491.6138 | ... T51: =T47*Mtoe2TWh -> 1377.4514
C52: kWh/m^2 | D52: final energy consumption per square metre - climate corrected (services) | E52: =(E51*1000000000)/(E48*1000000) -> 284.0005 | F52: =(F51*1000000000)/(F48*1000000) -> 299.2576 | G52: =(G51*1000000000)/(G48*1000000) -> 281.72174 | H52: =(H51*1000000000)/(H48*1000000) -> 290.56915 | I52: =(I51*1000000000)/(I48*1000000) -> 286.29272 | J52: =(J51*1000000000)/(J48*1000000) -> 287.43158 | K52: =(K51*1000000000)/(K48*1000000) -> 273.80333 | L52: =(L51*1000000000)/(L48*1000000) -> 271.10678 | ... T52: =(T51*1000000000)/(T48*1000000) -> 261.1751
C53: kWh/m^2 | D53: final energy consumption per square metre - climate corrected (residential) | E53: =E50*1000*Mtoe2TWh/1000 -> 204.81709 | F53: =F50*1000*Mtoe2TWh/1000 -> 205.0462 | G53: =G50*1000*Mtoe2TWh/1000 -> 193.26967 | H53: =H50*1000*Mtoe2TWh/1000 -> 200.3314 | I53: =I50*1000*Mtoe2TWh/1000 -> 193.76394 | J53: =J50*1000*Mtoe2TWh/1000 -> 188.30366 | K53: =K50*1000*Mtoe2TWh/1000 -> 183.2667 | L53: =L50*1000*Mtoe2TWh/1000 -> 181.43381 | ... T53: =T50*1000*Mtoe2TWh/1000 -> 171.64135
D55: y-on-y change services | F55: =F49/E49-1 -> 0.05372208 | G55: =G49/F49-1 -> -0.058597866 | H55: =H49/G49-1 -> 0.031404778 | I55: =I49/H49-1 -> -0.014717412 | J55: =J49/I49-1 -> 0.0039779293 | K55: =K49/J49-1 -> -0.047413896 | L55: =L49/K49-1 -> -0.0098484876 | M55: =M49/L49-1 -> 0.0044577309 | ... T55: =T49/S49-1 -> 0.037151461
D56: y-on-y change residential | F56: =F50/E50-1 -> 0.0011186127 | G56: =G50/F50-1 -> -0.057433582 | H56: =H50/G50-1 -> 0.036538253 | I56: =I50/H50-1 -> -0.032782983 | J56: =J50/I50-1 -> -0.028180088 | K56: =K50/J50-1 -> -0.026749098 | L56: =L50/K50-1 -> -0.010001206 | M56: =M50/L50-1 -> 0.015403352 | ... T56: =T50/S50-1 -> 0.016453621
A57: Source: Odyssee | D57: average services change (simple average of annual changes) | F57: =AVERAGE(F55:T55) -> -0.0050377824 | V57: =T49/E49-1 -> -0.080370996
A58: Date of export: 2023-08-09 | D58: average residential change (simple average of annual changes) | F58: =AVERAGE(F56:T56) -> -0.011282461 | V58: =T50/E50-1 -> -0.16197739
A76: Data for summary sheet at end of chapter
A77: annual change in energy consumption per square metre (2016-20) - kWh/m2 - services | P77: =P49-O49 -> -0.21646508 | Q77: =Q49-P49 -> 0.14730498 | R77: =R49-Q49 -> -0.50245576 | S77: =S49-R49 -> -0.4779949 | T77: =T49-S49 -> 0.80442538
A78: average annual change | E78: =AVERAGE(P77:T77) -> -0.049037077
P79: =P50-O50 -> -0.1059 | Q79: =Q50-P50 -> -0.1192 | R79: =R50-Q50 -> -0.0454 | S79: =S50-R50 -> -0.1484 | T79: =T50-S50 -> 0.2389
A80: annual change in energy consumption per square metre (2016-20) - kWh/m2 - residential | E80: =AVERAGE(P79:T79) -> -0.036

Sheet 5 heating & cooling
A1: Selected energy use drivers from Odyssee-MURE database - Household sector
A2: Database
A4: Item code | B4: ISO code | C4: Unit | D4: =X4 -> Title | E4: 2005 | F4: 2006 | G4: 2007 | H4: 2008 | I4: 2009 | J4: 2010 | K4: 2011 | L4: 2012 | M4: 2013 | N4: 2014 | O4: 2015 | P4: 2016 | Q4: 2017 | R4: 2018 | S4: 2019 | T4: 2020 | U4: 2021 | V4: Source | W4: Note | X4: Title
A5: dj | B5: EU | C5: degree | D5: =X5 -> Heating degree-days | E5: 3209.72 | F5: 3084.51 | G5: 2985.9 | H5: 3036.39 | I5: 3113.25 | J5: 3497.41 | K5: 2968.15 | L5: 3237.86 | M5: 3160.09 | N5: 2815.53 | O5: 2901.23 | P5: 3033.05 | Q5: 3044.85 | R5: 2940.9 | S5: 2909.29 | T5: 2758.95 | U5: n.a. | V5: Eurostat | X5: Heating degree-days
A6: djcli | B6: EU | C6: degree | D6: =X6 -> Cooling degree-days | E6: 71.74 | F6: 96.17 | G6: 78.06 | H6: 73.5 | I6: 82.81 | J6: 96.73 | K6: 76.89 | L6: 114.81 | M6: 85.09 | N6: 58.96 | O6: 121.61 | P6: 93.49 | Q6: 111.79 | R6: 97.85 | S6: 110.54 | T6: 98.53 | U6: n.a. | V6: Eurostat | X6: Cooling degree-days
A7: toccfreschf | B7: EU | C7: Mtoe | D7: Space heating | E7: 181.9487 | F7: 178.834 | G7: 163.1496 | H7: 174.7494 | I7: 173.65 | J7: 187.1762 | K7: 160.5434 | L7: 170.4486 | M7: 175.3488 | N7: 147.2127 | O7: 156.6705 | P7: 160.615 | Q7: 159.2946 | R7: 155.7637 | S7: 153.8618 | T7: 152.177 | U7: n.a. | V7: ODYSSEE | X7: Final consumption of residential for space heating
A8: toccfreschc | B8: EU | C8: Mtoe | D8: Space heating (climate corrected) | E8: 174.55 | F8: 177.8336 | G8: 167.0463 | H8: 176.2481 | I8: 171.2417 | J8: 166.1051 | K8: 165.2597 | L8: 162.2317 | M8: 170.6033 | N8: 158.8653 | O8: 164.6022 | P8: 162.1529 | Q8: 160.2592 | R8: 161.6711 | S8: 161.2503 | T8: n.a. | U8: n.a. | V8: Eurostat,ODYSSEE | X8: Final consumption of residential for space heating with climatic corrections
A9: elccfrescli | B9: EU | C9: Mtoe | D9: Cooling (electricity) | E9: 0.461 | F9: 0.4967 | G9: 0.53 | H9: 0.5932 | I9: 0.6171 | J9: 0.6821 | K9: 0.7089 | L9: 0.7278 | M9: 0.7238 | N9: 0.697 | O9: 0.7444 | P9: 0.7648 | Q9: 0.8735 | R9: 0.8848 | S9: 0.9582 | T9: 1.0215 | U9: n.a. | V9: ODYSSEE | X9: Final consumption of residential for air cooling
C10: % vs 2005 | D10: =D5 -> Heating degree-days | E10: =E5/$E5 -> 1 | F10: =F5/$E5 -> 0.96099037 | G10: =G5/$E5 -> 0.93026806 | H10: =H5/$E5 -> 0.9459984 | I10: =I5/$E5 -> 0.96994442 | J10: =J5/$E5 -> 1.0896309 | K10: =K5/$E5 -> 0.92473798 | L10: =L5/$E5 -> 1.0087671 | ... T10: =T5/$E5 -> 0.85956096
C11: % vs 2005 | D11: =D6 -> Cooling degree-days | E11: =E6/$E6 -> 1 | F11: =F6/$E6 -> 1.3405353 | G11: =G6/$E6 -> 1.0880959 | H11: =H6/$E6 -> 1.024533 | I11: =I6/$E6 -> 1.1543072 | J11: =J6/$E6 -> 1.3483412 | K11: =K6/$E6 -> 1.071787 | L11: =L6/$E6 -> 1.6003624 | ... T11: =T6/$E6 -> 1.3734318
C12: % vs 2005 | D12: =D7 -> Space heating | E12: =E7/$E7 -> 1 | F12: =F7/$E7 -> 0.98288144 | G12: =G7/$E7 -> 0.89667912 | H12: =H7/$E7 -> 0.96043225 | I12: =I7/$E7 -> 0.95438989 | J12: =J7/$E7 -> 1.0287306 | K12: =K7/$E7 -> 0.8823553 | L12: =L7/$E7 -> 0.93679482 | ... T12: =T7/$E7 -> 0.83637311
C13: % vs 2005 | D13: =D8 -> Space heating (climate corrected) | E13: =E8/$E8 -> 1 | F13: =F8/$E8 -> 1.0188118 | G13: =G8/$E8 -> 0.95701117 | H13: =H8/$E8 -> 1.0097284 | I13: =I8/$E8 -> 0.98104669 | J13: =J8/$E8 -> 0.95161902 | K13: =K8/$E8 -> 0.94677571 | L13: =L8/$E8 -> 0.92942824 | ... S13: =S8/$E8 -> 0.92380579
C14: % vs 2005 | D14: =D9 -> Cooling (electricity) | E14: =E9/$E9 -> 1 | F14: =F9/$E9 -> 1.0774403 | G14: =G9/$E9 -> 1.1496746 | H14: =H9/$E9 -> 1.2867679 | I14: =I9/$E9 -> 1.3386117 | J14: =J9/$E9 -> 1.4796095 | K14: =K9/$E9 -> 1.537744 | L14: =L9/$E9 -> 1.5787419 | ... T14: =T9/$E9 -> 2.2158351
D16: % change heating vs 2005 | E16: =E7/$E7-1 -> 0 | F16: =F7/$E7-1 -> -0.017118561 | G16: =G7/$E7-1 -> -0.10332088 | H16: =H7/$E7-1 -> -0.039567746 | I16: =I7/$E7-1 -> -0.045610109 | J16: =J7/$E7-1 -> 0.028730626 | K16: =K7/$E7-1 -> -0.1176447 | L16: =L7/$E7-1 -> -0.063205178 | ... T16: =T7/$E7-1 -> -0.16362689
D17: % change heating climate corrected vs 2005 | E17: =E8/$E8-1 -> 0 | F17: =F8/$E8-1 -> 0.018811802 | G17: =G8/$E8-1 -> -0.042988828 | H17: =H8/$E8-1 -> 0.0097284446 | I17: =I8/$E8-1 -> -0.018953309 | J17: =J8/$E8-1 -> -0.04838098 | K17: =K8/$E8-1 -> -0.053224291 | L17: =L8/$E8-1 -> -0.070571756 | ... T17: =T8/$E8-1 -> #VALUE!
D18: % change cooling vs 2005 | E18: =E9/$E9-1 -> 0 | F18: =F9/$E9-1 -> 0.077440347 | G18: =G9/$E9-1 -> 0.14967462 | H18: =H9/$E9-1 -> 0.2867679 | I18: =I9/$E9-1 -> 0.33861171 | J18: =J9/$E9-1 -> 0.47960954 | K18: =K9/$E9-1 -> 0.53774403 | L18: =L9/$E9-1 -> 0.57874187 | ... T18: =T9/$E9-1 -> 1.2158351

Sheet Energy balances (for buildings)
A1: Historical data (Eurostat energy balances - in ktoe)
A2: Total
B3: 2005 | C3: 2006 | D3: 2007 | E3: 2008 | F3: 2009 | G3: 2010 | H3: 2011 | I3: 2012 | J3: 2013 | K3: 2014 | L3: 2015 | M3: 2016 | N3: 2017 | O3: 2018 | P3: 2019 | Q3: 2020 | R3: 2021
A4: Total | B4: 429954.06 | C4: 433151.92 | D4: 405203.87 | E4: 427667.38 | F4: 425367.18 | G4: 449365.86 | H4: 410547.35 | I4: 424272.36 | J4: 429187.03 | K4: 387911.75 | L4: 403008.24 | M4: 410734.67 | N4: 415601.84 | O4: 413774.01 | P4: 409552.34 | Q4: 402744.44 | R4: 424787.16 | U4: =(R4-B4)/1000 -> -5.166895
A5: Solid fossil fuels | B5: 11162.802 | C5: 12565.093 | D5: 11323.412 | E5: 12074.675 | F5: 12417.347 | G5: 14026.269 | H5: 12202.467 | I5: 12282.666 | J5: 11871.799 | K5: 10634.568 | L5: 10539.689 | M5: 10753.385 | N5: 10726.934 | O5: 10049.804 | P5: 8144.251 | Q5: 8237.393 | R5: 7965.607 | U5: =(R5-B5)/1000 -> -3.197195
A6: Anthracite | B6: 392.062 | C6: 435.067 | D6: 422.838 | E6: 476.658 | F6: 455.135 | G6: 431.147 | H6: 373.724 | I6: 367.231 | J6: 397.696 | K6: 326.088 | L6: 337.392 | M6: 321.194 | N6: 278.594 | O6: 258.875 | P6: 192.798 | Q6: 155.6 | R6: 145.357
A7: Coking coal | B7: 0 | C7: 0 | D7: 0 | E7: 1.368 | F7: 1.381 | G7: 0.7 | H7: 0.686 | I7: 0.7 | J7: 0 | K7: 0 | L7: 0 | M7: 0 | N7: 0 | O7: 0 | P7: 0.069 | Q7: 0.003 | R7: 0.493
A8: Other bituminous coal | B8: 8533.83 | C8: 9583.346 | D8: 9001.902 | E8: 9493.353 | F8: 9805.151 | G8: 11015.248 | H8: 9449.302 | I8: 9874.37 | J8: 9361.943 | K8: 8583.471 | L8: 8496.533 | M8: 8788.172 | N8: 8754.184 | O8: 8224.253 | P8: 6658.317 | Q8: 6906.748 | R8: 6581.648
A9: Sub-bituminous coal | B9: 208.221 | C9: 228.262 | D9: 166.45 | E9: 210.31 | F9: 129.101 | G9: 145.705 | H9: 76.416 | I9: 59.942 | J9: 37.072 | K9: 53.186 | L9: 49.098 | M9: 63.224 | N9: 0.383 | O9: 0.217 | P9: 0.443 | Q9: 0.299 | R9: 0.139
A10: Lignite | B10: 865.767 | C10: 1082.942 | D10: 764.3 | E10: 847.753 | F10: 804.603 | G10: 969.965 | H10: 971.334 | I10: 941.607 | J10: 989.453 | K10: 840.904 | L10: 827.094 | M10: 813.875 | N10: 836.506 | O10: 715.154 | P10: 630.13 | Q10: 564.294 | R10: 543.276
A11: Coke oven coke | B11: 332.508 | C11: 319.845 | D11: 261.497 | E11: 210.404 | F11: 377.226 | G11: 332.87 | H11: 426.579 | I11: 240.862 | J11: 236.995 | K11: 225.172 | L11: 210.151 | M11: 174.842 | N11: 242.044 | O11: 254.433 | P11: 150.623 | Q11: 151.476 | R11: 152.004
A12: Gas coke | B12: 0 | C12: 0 | D12: 0 | E12: 0 | F12: 0 | G12: 0 | H12: 0 | I12: 0 | J12: 0 | K12: 0 | L12: 0 | M12: 0 | N12: 0 | O12: 0 | P12: 0 | Q12: 0 | R12: 0
A13: Patent fuel | B13: 170.737 | C13: 168.858 | D13: 161.663 | E13: 150.281 | F13: 144.734 | G13: 354.426 | H13: 240.314 | I13: 144.159 | J13: 151.162 | K13: 117.2 | L13: 151.28 | M13: 141.983 | N13: 124.282 | O13: 106.13 | P13: 73.628 | Q13: 59.254 | R13: 64.392
A14: Brown coal briquettes | B14: 659.675 | C14: 746.772 | D14: 544.763 | E14: 684.55 | F14: 700.018 | G14: 776.207 | H14: 664.114 | I14: 653.795 | J14: 697.477 | K14: 488.546 | L14: 468.138 | M14: 450.095 | N14: 490.938 | O14: 490.74 | P14: 438.246 | Q14: 399.717 | R14: 478.299
A15: Coal tar | B15: 0 | C15: 0 | D15: 0 | E15: 0 | F15: 0 | G15: 0 | H15: 0 | I15: 0 | J15: 0 | K15: 0 | L15: 0 | M15: 0 | N15: 0 | O15: 0 | P15: 0 | Q15: 0 | R15: 0
A16: Manufactured gases | B16: 84.996 | C16: 81.084 | D16: 70.098 | E16: 66.467 | F16: 59.845 | G16: 50.516 | H16: 8.147 | I16: 5.137 | J16: 3.439 | K16: 2.128 | L16: 0.515 | M16: 0.301 | N16: 0 | O16: 0 | P16: 0 | Q16: 13.924 | R16: 9.187 | U16: =(R16-B16)/1000 -> -0.075809
A17: Coke oven gas | B17: 0 | C17: 0.021 | D17: 0.3 | E17: 0.021 | F17: 0.043 | G17: 0.021 | H17: 0.021 | I17: 0.021 | J17: 0 | K17: 0.021 | L17: 0 | M17: 0 | N17: 0 | O17: 0 | P17: 0 | Q17: 13.924 | R17: 9.187
A18: Gas works gas | B18: 84.996 | C18: 81.062 | D18: 69.797 | E18: 66.445 | F18: 59.802 | G18: 50.494 | H18: 8.126 | I18: 5.116 | J18: 3.439 | K18: 2.107 | L18: 0.515 | M18: 0.301 | N18: 0 | O18: 0 | P18: 0 | Q18: 0 | R18: 0
A19: Peat and peat products | B19: 334.78 | C19: 347.066 | D19: 337.797 | E19: 356.943 | F19: 353.034 | G19: 347.497 | H19: 327.046 | I19: 303.254 | J19: 309.081 | K19: 283.463 | L19: 278.242 | M19: 283.6 | N19: 278.71 | O19: 293.704 | P19: 274.483 | Q19: 257.121 | R19: 248.217 | U19: =(R19-B19)/1000 -> -0.086563
A20: Peat | B20: 233.658 | C20: 245.982 | D20: 236.785 | E20: 229.369 | F20: 230.598 | G20: 238.752 | H20: 225.114 | I20: 189.469 | J20: 190.654 | K20: 186.828 | L20: 186.829 | M20: 195.585 | N20: 197.818 | O20: 201.413 | P20: 199.95 | Q20: 181.851 | R20: 179.234
A21: Peat products | B21: 101.121 | C21: 101.084 | D21: 101.012 | E21: 127.574 | F21: 122.435 | G21: 108.745 | H21: 101.933 | I21: 113.785 | J21: 118.427 | K21: 96.635 | L21: 91.413 | M21: 88.015 | N21: 80.892 | O21: 92.291 | P21: 74.533 | Q21: 75.27 | R21: 68.983
A22: Natural gas | B22: 130204.28 | C22: 131729.25 | D22: 119861.31 | E22: 125752.55 | F22: 127023.82 | G22: 138022.43 | H22: 120660.3 | I22: 126372.21 | J22: 129827.05 | K22: 108830.92 | L22: 116658.02 | M22: 122025.05 | N22: 121542.35 | O22: 121807.11 | P22: 119662.75 | Q22: 116916.9 | R22: 129909.46 | U22: =(R22-B22)/1000 -> -0.294814
A23: Oil and petroleum products (excluding biofuel portion) | B23: 94793.89 | C23: 89984.675 | D23: 74678.602 | E23: 82471.705 | F23: 76230.673 | G23: 75145.32 | H23: 68123.263 | I23: 67114.223 | J23: 68019.711 | K23: 61342.503 | L23: 62401.844 | M23: 60878.638 | N23: 60497.176 | O23: 57484.231 | P23: 57948.033 | Q23: 59057.452 | R23: 54686.566 | U23: =(R23-B23)/1000 -> -40.107324
A24: Refinery gas | B24: 5.749 | C24: 29.895 | D24: 0 | E24: 0 | F24: 0 | G24: 0 | H24: 0 | I24: 0 | J24: 0 | K24: 0 | L24: 0 | M24: 0 | N24: 0 | O24: 0.424 | P24: 0.453 | Q24: 0.475 | R24: 0.601
A25: Liquefied petroleum gases | B25: 11578.35 | C25: 10598.93 | D25: 10189.733 | E25: 10101.131 | F25: 9781.513 | G25: 9954.887 | H25: 9045.953 | I25: 8712.373 | J25: 8734.984 | K25: 7903.988 | L25: 7887.064 | M25: 8221.661 | N25: 7905.237 | O25: 8306.01 | P25: 8105.145 | Q25: 7795.047 | R25: 7944.332
A26: Aviation gasoline | B26: 4.497 | C26: 5.541 | D26: 5.541 | E26: 4.497 | F26: 3.461 | G26: 3.356 | H26: 2.417 | I26: 2.417 | J26: 2.312 | K26: 2.417 | L26: 1.366 | M26: 1.366 | N26: 1.367 | O26: 1.563 | P26: 1.375 | Q26: 1.294 | R26: 1.359
A27: Motor gasoline (excluding biofuel portion) | B27: 947.656 | C27: 904.589 | D27: 901.827 | E27: 842.56 | F27: 795.157 | G27: 793.034 | H27: 818.145 | I27: 989.466 | J27: 840.943 | K27: 806.248 | L27: 788.975 | M27: 781.154 | N27: 777.595 | O27: 817.085 | P27: 824.681 | Q27: 790.769 | R27: 990.783
A28: Kerosene-type jet fuel (excluding biofuel portion) | B28: 918.852 | C28: 854.67 | D28: 822.712 | E28: 801.945 | F28: 784.985 | G28: 795.788 | H28: 854.806 | I28: 884.857 | J28: 1012.997 | K28: 975.203 | L28: 891.34 | M28: 758.004 | N28: 700.005 | O28: 714.813 | P28: 701.652 | Q28: 682.352 | R28: 813.288
A29: Other kerosene | B29: 1256.65 | C29: 1233.618 | D29: 1178.366 | E29: 1323.095 | F29: 1465.006 | G29: 1477.513 | H29: 1194.129 | I29: 1047.396 | J29: 1066.806 | K29: 957.733 | L29: 1107.714 | M29: 1164.532 | N29: 1115.909 | O29: 1184.966 | P29: 1168.846 | Q29: 1305.595 | R29: 1205.873
A30: Gas oil and diesel oil (excluding biofuel portion) | B30: 77637.513 | C30: 74142.412 | D30: 60000.037 | E30: 67928.006 | F30: 62269.545 | G30: 61328.479 | H30: 55597.073 | I30: 54923.647 | J30: 55865.021 | K30: 50292.442 | L30: 51365.307 | M30: 49552.886 | N30: 49682.034 | O30: 46204.696 | P30: 46908.884 | Q30: 48236.687 | R30: 43477.474
A31: Fuel oil | B31: 2306.898 | C31: 2088.724 | D31: 1451.865 | E31: 1346.588 | F31: 1085.289 | G31: 740.304 | H31: 573.266 | I31: 518.502 | J31: 430.027 | K31: 355.779 | L31: 302.958 | M31: 304.721 | N31: 275.211 | O31: 205.148 | P31: 176.79 | Q31: 180.574 | R31: 196.265
A32: White spirit and special boiling point industrial spirits | B32: 0.263 | C32: 0.255 | D32: 0.293 | E32: 0.284 | F32: 0.632 | G32: 0.63 | H32: 0.59 | I32: 1.008 | J32: 0.296 | K32: 1.362 | L32: 1.188 | M32: 0.262 | N32: 0.464 | O32: 0.359 | P32: 0.251 | Q32: 0.251 | R32: 0.251
A33: Petroleum coke | B33: 75.16 | C33: 54.093 | D33: 60.488 | E33: 52.742 | F33: 43.167 | G33: 46.917 | H33: 33.093 | I33: 31.694 | J33: 50.148 | K33: 45.415 | L33: 45.413 | M33: 34.887 | N33: 35.485 | O33: 47.844 | P33: 58.227 | Q33: 60.579 | R33: 54.595
A34: Bitumen | B34: 6.72 | C34: 5.76 | D34: 4.8 | E34: 4.8 | F34: 1.92 | G34: 1.92 | H34: 2.88 | I34: 1.92 | J34: 1.92 | K34: 1.92 | L34: 1.92 | M34: 0.96 | N34: 0.96 | O34: 0 | P34: 0 | Q34: 0 | R34: 0
A35: Other oil products n.e.c. | B35: 13.593 | C35: 66.188 | D35: 54.534 | E35: 66.049 | F35: 0 | G35: 2.494 | H35: 0.908 | I35: 0.943 | J35: 14.259 | K35: 0 | L35: 8.598 | M35: 58.207 | N35: 2.91 | O35: 1.325 | P35: 1.734 | Q35: 3.83 | R35: 1.743
A36: Renewables and biofuels | B36: 39918.005 | C36: 41679.4 | D36: 44936.29 | E36: 49193.124 | F36: 50445.612 | G36: 54187.243 | H36: 50335.138 | I36: 56577.304 | J36: 58120.654 | K36: 53357.701 | L36: 55822.805 | M36: 56497.594 | N36: 61246.871 | O36: 64192.046 | P36: 65166.358 | Q36: 64476.372 | R36: 70386.848 | U36: =(R36-B36)/1000 -> 30.468843
A37: Geothermal | B37: 438.106 | C37: 436.218 | D37: 437.706 | E37: 460.912 | F37: 475.571 | G37: 413.404 | H37: 436.396 | I37: 447.256 | J37: 467.579 | K37: 442.839 | L37: 446.041 | M37: 479.499 | N37: 515.515 | O37: 533.434 | P37: 580.547 | Q37: 552.859 | R37: 572.137
A38: Solar thermal | B38: 732.37 | C38: 832.393 | D38: 951.038 | E38: 1110.968 | F38: 1291.035 | G38: 1483.367 | H38: 1651.205 | I38: 1749.497 | J38: 1831.157 | K38: 1948.347 | L38: 2056.814 | M38: 2107.964 | N38: 2170.647 | O38: 2313.812 | P38: 2339.205 | Q38: 2434.373 | R38: 2440.759
A39: Ambient heat (heat pumps) | B39: 602.568 | C39: 827.315 | D39: 1102.768 | E39: 1484.236 | F39: 1870.696 | G39: 2335.36 | H39: 3354.157 | I39: 3854.236 | J39: 4334.403 | K39: 5082.785 | L39: 5619.631 | M39: 6421.507 | N39: 10367.723 | O39: 11022.174 | P39: 11797.043 | Q39: 12503.416 | R39: 14290.492
A40: Primary solid biofuels | B40: 37252.581 | C40: 38498.295 | D40: 41010.066 | E40: 44663.027 | F40: 44962.272 | G40: 47976.045 | H40: 42939.503 | I40: 48288.902 | J40: 49059.344 | K40: 43311.117 | L40: 45071.158 | M40: 44536.009 | N40: 45065.185 | O40: 47218.29 | P40: 47348.7 | Q40: 45863.346 | R40: 50099.944
A41: Charcoal | B41: 214.018 | C41: 213.762 | D41: 273.385 | E41: 259.112 | F41: 348.321 | G41: 345.415 | H41: 360.569 | I41: 397.389 | J41: 385.472 | K41: 375.702 | L41: 386.518 | M41: 355.789 | N41: 373.286 | O41: 383.747 | P41: 361.866 | Q41: 320.145 | R41: 313.748
A42: Blended biogasoline | B42: 6.237 | C42: 7.498 | D42: 9.012 | E42: 14.108 | F42: 13.842 | G42: 15.289 | H42: 17.156 | I42: 19.522 | J42: 18.421 | K42: 17.618 | L42: 15.774 | M42: 13.976 | N42: 15.527 | O42: 19.24 | P42: 16.5 | Q42: 19.235 | R42: 20.986
A43: Pure biodiesels | B43: 29.188 | C43: 30.051 | D43: 68.643 | E43: 59.54 | F43: 34.064 | G43: 25.44 | H43: 12 | I43: 16.189 | J43: 14.954 | K43: 23.375 | L43: 23.576 | M43: 30.753 | N43: 55.061 | O43: 50.838 | P43: 36.721 | Q43: 39.916 | R43: 39.325
A44: Blended biodiesels | B44: 49.116 | C44: 115.758 | D44: 163.694 | E44: 138.972 | F44: 192.335 | G44: 184.672 | H44: 190.727 | I44: 231.594 | J44: 234.689 | K44: 249.579 | L44: 257.271 | M44: 367.028 | N44: 428.476 | O44: 465.491 | P44: 484.067 | Q44: 530.517 | R44: 548.168
A45: Other liquid biofuels | B45: 22.468 | C45: 58.056 | D45: 70.852 | E45: 69.534 | F45: 121.639 | G45: 113.289 | H45: 51.491 | I45: 19.736 | J45: 21.171 | K45: 22.412 | L45: 26.159 | M45: 27.602 | N45: 29.905 | O45: 45.957 | P45: 52.662 | Q45: 55.41 | R45: 40.981
A46: Biogases | B46: 406.428 | C46: 497.261 | D46: 651.636 | E46: 713.779 | F46: 881.574 | G46: 1043.108 | H46: 1159.748 | I46: 1396.932 | J46: 1579.541 | K46: 1728.036 | L46: 1836.33 | M46: 2028.538 | N46: 2064.471 | O46: 1997.461 | P46: 1994.337 | Q46: 1993.001 | R46: 1815.989
A47: Renewable municipal waste | B47: 164.922 | C47: 162.798 | D47: 197.49 | E47: 218.934 | F47: 254.271 | G47: 251.852 | H47: 162.188 | I47: 156.052 | J47: 173.924 | K47: 155.89 | L47: 83.532 | M47: 128.928 | N47: 161.079 | O47: 141.603 | P47: 154.706 | Q47: 164.15 | R47: 204.325
A48: Non-renewable waste | B48: 203.333 | C48: 191.982 | D48: 223.633 | E48: 239.75 | F48: 272.85 | G48: 256.475 | H48: 164.556 | I48: 160.228 | J48: 206.512 | K48: 214.537 | L48: 151.19 | M48: 177.708 | N48: 204.622 | O48: 186.196 | P48: 199.514 | Q48: 239.106 | R48: 254.94 | U48: =(R48-B48)/1000 -> 0.051607
A49: Industrial waste (non-renewable) | B49: 40.87 | C49: 32.528 | D49: 28.484 | E49: 23.346 | F49: 24.502 | G49: 20.434 | H49: 16.842 | I49: 21.204 | J49: 51.432 | K49: 47.112 | L49: 60.019 | M49: 56.844 | N49: 53.917 | O49: 55.501 | P49: 58.535 | Q49: 58.728 | R49: 58.942
A50: Non-renewable municipal waste | B50: 162.463 | C50: 159.454 | D50: 195.149 | E50: 216.403 | F50: 248.347 | G50: 236.04 | H50: 147.714 | I50: 139.023 | J50: 155.08 | K50: 167.426 | L50: 91.171 | M50: 120.863 | N50: 150.706 | O50: 130.697 | P50: 140.979 | Q50: 180.376 | R50: 195.996
A51: Electricity | B51: 117012.71 | C51: 121725.07 | D51: 122343.1 | E51: 125648.63 | F51: 126673.45 | G51: 131450.08 | H51: 127363.06 | I51: 129548.97 | J51: 128776.32 | K51: 124119.09 | L51: 127226.38 | M51: 128778.34 | N51: 129371.59 | O51: 129090.37 | P51: 127833.05 | Q51: 124297.07 | R51: 128806.13 | U51: =(R51-B51)/1000 -> 11.793419
A52: Heat | B52: 36239.261 | C52: 34848.297 | D52: 31429.627 | E52: 31863.54 | F52: 31890.548 | G52: 35880.031 | H52: 31363.375 | I52: 31908.383 | J52: 32052.466 | K52: 29126.839 | L52: 29929.548 | M52: 31340.059 | N52: 31733.585 | O52: 30670.547 | P52: 30323.897 | Q52: 29249.108 | R52: 32520.2 | U52: =(R52-B52)/1000 -> -3.719061
A54: Tertiary
B55: 2005 | C55: 2006 | D55: 2007 | E55: 2008 | F55: 2009 | G55: 2010 | H55: 2011 | I55: 2012 | J55: 2013 | K55: 2014 | L55: 2015 | M55: 2016 | N55: 2017 | O55: 2018 | P55: 2019 | Q55: 2020 | R55: 2021
A56: Total | B56: 127980.54 | C56: 133009.93 | D56: 126299.02 | E56: 134180.45 | F56: 134343.57 | G56: 139983.02 | H56: 128306.38 | I56: 131148.12 | J56: 132725.43 | K56: 123435.92 | L56: 128519.4 | M56: 130171.39 | N56: 133882.05 | O56: 131662.49 | P56: 128567.86 | Q56: 121224.41 | R56: 129306.61
A57: Solid fossil fuels | B57: 1134.436 | C57: 1396.851 | D57: 1334.533 | E57: 1416.06 | F57: 1615.225 | G57: 1540.808 | H57: 1385.611 | I57: 1145.753 | J57: 1120.981 | K57: 947.879 | L57: 1053.244 | M57: 893.261 | N57: 879.262 | O57: 819.554 | P57: 718.752 | Q57: 638.204 | R57: 796.788
A58: Anthracite | B58: 16.332 | C58: 23.416 | D58: 36.203 | E58: 33.362 | F58: 24.012 | G58: 29.04 | H58: 46.793 | I58: 52.077 | J58: 47.784 | K58: 34.051 | L58: 44.61 | M58: 26.003 | N58: 14.63 | O58: 18.552 | P58: 7.716 | Q58: 5.064 | R58: 6.003
A59: Coking coal | B59: 0 | C59: 0 | D59: 0 | E59: 1.368 | F59: 1.381 | G59: 0.7 | H59: 0.686 | I59: 0.7 | J59: 0 | K59: 0 | L59: 0 | M59: 0 | N59: 0 | O59: 0 | P59: 0.069 | Q59: 0.003 | R59: 0.493
A60: Other bituminous coal | B60: 819.799 | C60: 936.162 | D60: 1016.108 | E60: 1088.471 | F60: 1292.497 | G60: 1283.126 | H60: 1074.479 | I60: 975.261 | J60: 950.387 | K60: 826.688 | L60: 890 | M60: 763.896 | N60: 771.167 | O60: 723.086 | P60: 599.009 | Q60: 556.603 | R60: 707.69
A61: Sub-bituminous coal | B61: 49.314 | C61: 67.391 | D61: 49.607 | E61: 30.911 | F61: 30.658 | G61: 34.446 | H61: 1.977 | I61: 0.853 | J61: 2.451 | K61: 1.714 | L61: 1.791 | M61: 1.736 | N61: 0.108 | O61: 0.054 | P61: 0.054 | Q61: 0.108 | R61: 0
A62: Lignite | B62: 84.676 | C62: 186.823 | D62: 68.415 | E62: 96.903 | F62: 35.883 | G62: 66.116 | H62: 39.638 | I62: 34.798 | J62: 33.275 | K62: 41.173 | L62: 41.121 | M62: 49.212 | N62: 43.772 | O62: 25.524 | P62: 30.17 | Q62: 22.649 | R62: 24.24
A63: Coke oven coke | B63: 94.923 | C63: 96.638 | D63: 95.63 | E63: 69.843 | F63: 145.572 | G63: 68.017 | H63: 161.173 | I63: 27.59 | J63: 33.559 | K63: 23.713 | L63: 55.449 | M63: 26.045 | N63: 18.686 | O63: 18.587 | P63: 40.534 | Q63: 39.426 | R63: 35.178
A64: Patent fuel | B64: 31.876 | C64: 29.733 | D64: 23.216 | E64: 6.688 | F64: 6.019 | G64: 6.019 | H64: 14.139 | I64: 14.235 | J64: 15.668 | K64: 12.133 | L64: 11.464 | M64: 11.464 | N64: 12.708 | O64: 9.946 | P64: 8.011 | Q64: 6.041 | R64: 7.15
A65: Brown coal briquettes | B65: 37.518 | C65: 56.688 | D65: 45.356 | E65: 88.513 | F65: 79.204 | G65: 53.347 | H65: 46.724 | I65: 40.239 | J65: 37.858 | K65: 8.407 | L65: 8.808 | M65: 14.907 | N65: 18.188 | O65: 23.805 | P65: 33.188 | Q65: 8.308 | R65: 16.033
A66: Manufactured gases | B66: 24.591 | C66: 23.797 | D66: 25.215 | E66: 26.225 | F66: 24.548 | G66: 36.2 | H66: 4.535 | I66: 2.536 | J66: 1.397 | K66: 0.838 | L66: 0.365 | M66: 0.301 | N66: 0 | O66: 0 | P66: 0 | Q66: 13.924 | R66: 9.187
A67: Coke oven gas | B67: 0 | C67: 0.021 | D67: 0.3 | E67: 0.021 | F67: 0.043 | G67: 0.021 | H67: 0.021 | I67: 0.021 | J67: 0 | K67: 0.021 | L67: 0 | M67: 0 | N67: 0 | O67: 0 | P67: 0 | Q67: 13.924 | R67: 9.187
... A87: Geothermal | B87: 306.153 | C87: 304.48 | D87: 308.207 | E87: 324.484 | F87: 331.123 | G87: 285.931 | H87: 301.877 | I87: 303.366 | J87: 312.889 | K87: 260.16 | L87: 241.095 | M87: 246.855 | N87: 275.005 | O87: 275.845 | P87: 274.874 | Q87: 244.75 | R87: 247.848
A88: Wind | B88: : | C88: : | D88: : | E88: : | F88: : | G88: : | H88: : | I88: : | J88: : | K88: : | L88: : | M88: : | N88: : | O88: : | P88: : | Q88: : | R88: :
A89: Solar thermal | B89: 102.454 | C89: 102.968 | D89: 118.724 | E89: 143.355 | F89: 143.125 | G89: 196.1 | H89: 221.051 | I89: 239.982 | J89: 242.24 | K89: 260.62 | L89: 263.734 | M89: 265.88 | N89: 281.026 | O89: 301.222 | P89: 301.488 | Q89: 309.561 | R89: 293.226
A90: Ambient heat (heat pumps) | B90: 146.295 | C90: 184.109 | D90: 212.213 | E90: 267.045 | F90: 303.033 | G90: 358.777 | H90: 497.268 | I90: 587.759 | J90: 686.177 | K90: 1181.287 | L90: 1301.336 | M90: 1454.468 | N90: 4413.694 | O90: 4560.611 | P90: 4703.438 | Q90: 4790.551 | R90: 5116.086
A91: Primary solid biofuels | B91: 1490.657 | C91: 1554.589 | D91: 1684.034 | E91: 2008.243 | F91: 2095.949 | G91: 2519.464 | H91: 2033.506 | I91: 2272.025 | J91: 2444.506 | K91: 2093.637 | L91: 2329.902 | M91: 2368.577 | N91: 2551.414 | O91: 2838.006 | P91: 2873.154 | Q91: 2818.472 | R91: 3189.32
A92: Charcoal | B92: 10.946 | C92: 15.073 | D92: 16.147 | E92: 22.117 | F92: 21.442 | G92: 21.158 | H92: 20.17 | I92: 58.713 | J92: 42.159 | K92: 42.005 | L92: 44.35 | M92: 40.706 | N92: 41.729 | O92: 44.023 | P92: 40.012 | Q92: 28.517 | R92: 34.674
A93: Blended biogasoline | B93: 2.041 | C93: 2.491 | D93: 2.982 | E93: 3.589 | F93: 3.463 | G93: 4.406 | H93: 5.314 | I93: 6.079 | J93: 5.718 | K93: 5.475 | L93: 4.393 | M93: 3.946 | N93: 4.541 | O93: 5.202 | P93: 4.391 | Q93: 4.906 | R93: 4.277
A94: Pure biodiesels | B94: 0.06 | C94: 0.323 | D94: 0.161 | E94: 0.149 | F94: 0.371 | G94: 0.632 | H94: 0.751 | I94: 1.181 | J94: 1.423 | K94: 4.532 | L94: 5.155 | M94: 7.422 | N94: 16.352 | O94: 15.066 | P94: 11.048 | Q94: 12.052 | R94: 10.044
A95: Blended biodiesels | B95: 45.836 | C95: 63.284 | D95: 100.037 | E95: 111.613 | F95: 156.835 | G95: 149.352 | H95: 154.401 | I95: 166.963 | J95: 156.412 | K95: 166.835 | L95: 162.671 | M95: 179.283 | N95: 196.634 | O95: 79.56 | P95: 81.753 | Q95: 66.615 | R95: 73.139
A96: Other liquid biofuels | B96: 4.152 | C96: 27.81 | D96: 34.954 | E96: 39.348 | F96: 65.737 | G96: 58.203 | H96: 20.629 | I96: 7.637 | J96: 14.329 | K96: 15.229 | L96: 18.167 | M96: 19.346 | N96: 20.455 | O96: 34.521 | P96: 39.704 | Q96: 41.724 | R96: 31.663
A97: Biogases | B97: 358.699 | C97: 391.863 | D97: 399.353 | E97: 382.488 | F97: 401.428 | G97: 447.105 | H97: 493.006 | I97: 590.976 | J97: 602.716 | K97: 652.134 | L97: 688.208 | M97: 777.339 | N97: 803.241 | O97: 828.446 | P97: 832.284 | Q97: 830.389 | R97: 740.662
A98: Renewable municipal waste | B98: 164.922 | C98: 162.798 | D98: 197.49 | E98: 218.934 | F98: 254.271 | G98: 251.852 | H98: 162.188 | I98: 156.052 | J98: 173.924 | K98: 155.89 | L98: 83.532 | M98: 128.928 | N98: 161.079 | O98: 141.603 | P98: 154.706 | Q98: 164.15 | R98: 204.325
A99: Non-renewable waste | B99: 202.091 | C99: 190.191 | D99: 223.609 | E99: 239.726 | F99: 272.85 | G99: 256.475 | H99: 164.556 | I99: 160.228 | J99: 206.512 | K99: 214.537 | L99: 151.19 | M99: 175.749 | N99: 204.363 | O99: 185.934 | P99: 199.232 | Q99: 238.843 | R99: 254.439
A100: Industrial waste (non-renewable) | B100: 39.628 | C100: 30.737 | D100: 28.46 | E100: 23.322 | F100: 24.502 | G100: 20.434 | H100: 16.842 | I100: 21.204 | J100: 51.432 | K100: 47.112 | L100: 60.019 | M100: 54.885 | N100: 53.658 | O100: 55.239 | P100: 58.253 | Q100: 58.465 | R100: 58.441
... A103: Heat | B103: 9443.122 | C103: 9269.039 | D103: 9313.546 | E103: 10028.203 | F103: 10075.193 | G103: 11765.404 | H103: 9739.004 | I103: 10016.038 | J103: 9072.083 | K103: 8517.167 | L103: 8460.624 | M103: 8854.487 | N103: 9236.06 | O103: 9247.382 | P103: 9116.666 | Q103: 8468.086 | R103: 9396.939
A105: Residential
B106: 2005 | C106: 2006 | D106: 2007 | E106: 2008 | F106: 2009 | G106: 2010 | H106: 2011 | I106: 2012 | J106: 2013 | K106: 2014 | L106: 2015 | M106: 2016 | N106: 2017 | O106: 2018 | P106: 2019 | Q106: 2020 | R106: 2021
A107: Total | B107: 266316.42 | C107: 265392.04 | D107: 249232.85 | E107: 264260.89 | F107: 262381.2 | G107: 278929.49 | H107: 251894.43 | I107: 263012.15 | J107: 266091.3 | K107: 234637.15 | L107: 245027.99 | M107: 250876.73 | N107: 251713.08 | O107: 249747.12 | P107: 248189.16 | Q107: 248127.82 | R107: 261812.69
A108: Solid fossil fuels | B108: 8877.341 | C108: 9846.524 | D108: 8821.767 | E108: 9378.795 | F108: 9549.22 | G108: 11123.311 | H108: 9630.084 | I108: 9917.152 | J108: 9575.375 | K108: 8580.784 | L108: 8482.501 | M108: 8791.996 | N108: 8710.021 | O108: 8126.117 | P108: 6574.406 | Q108: 6722.449 | R108: 6435.168
A109: Anthracite | B109: 349.13 | C109: 362.327 | D109: 342.845 | E109: 391.54 | F109: 384.179 | G109: 356.967 | H109: 300.213 | I109: 298.652 | J109: 328.046 | K109: 272.239 | L109: 269.108 | M109: 266.235 | N109: 227.724 | O109: 208.568 | P109: 160.018 | Q109: 124.789 | R109: 119.657
A110: Other bituminous coal | B110: 6764.762 | C110: 7562.101 | D110: 7007.074 | E110: 7337.51 | F110: 7452.35 | G110: 8531.326 | H110: 7311.569 | I110: 7764.712 | J110: 7346.768 | K110: 6769.763 | L110: 6697.302 | M110: 7051.167 | N110: 7018.854 | O110: 6593.995 | P110: 5324.374 | Q110: 5584.017 | R110: 5244.538
A111: Sub-bituminous coal | B111: 157.823 | C111: 159.787 | D111: 114.701 | E111: 178.857 | F111: 97.068 | G111: 110.305 | H111: 74.438 | I111: 58.663 | J111: 34.213 | K111: 51.472 | L111: 46.411 | M111: 60.62 | N111: 0.275 | O111: 0.076 | P111: 0.065 | Q111: 0.061 | R111: 0.031
A112: Lignite | B112: 705.457 | C112: 811.25 | D112: 631.991 | E112: 668.946 | F112: 694.009 | G112: 852.407 | H112: 888.76 | I112: 865.56 | J112: 907.78 | K112: 758.038 | L112: 748.698 | M112: 729.931 | N112: 764.755 | O112: 664.471 | P112: 578.274 | Q112: 528.476 | R112: 505.893
A113: Coke oven coke | B113: 200.415 | C113: 183.064 | D113: 141.845 | E113: 117.81 | F113: 209.803 | G113: 240.02 | H113: 214.975 | I113: 191.918 | J113: 181.974 | K113: 178.62 | L113: 140.814 | M113: 134.842 | N113: 132.087 | O113: 112.624 | P113: 54.857 | Q113: 42.56 | R113: 46.427
A114: Patent fuel | B114: 83.067 | C114: 84.095 | D114: 88.767 | E114: 92.805 | F114: 95.36 | G114: 311.143 | H114: 224.307 | I114: 125.266 | J114: 129.166 | K114: 99.316 | L114: 136.241 | M114: 122.559 | N114: 104.184 | O114: 88.592 | P114: 60.283 | Q114: 52.95 | R114: 56.798
A115: Brown coal briquettes | B115: 616.687 | C115: 683.902 | D115: 494.543 | E115: 591.329 | F115: 616.451 | G115: 721.139 | H115: 615.823 | I115: 612.38 | J115: 647.427 | K115: 451.338 | L115: 443.92 | M115: 426.641 | N115: 462.145 | O115: 457.792 | P115: 396.535 | Q115: 389.596 | R115: 461.824
A116: Manufactured gases | B116: 60.404 | C116: 57.288 | D116: 44.885 | E116: 40.24 | F116: 35.296 | G116: 14.316 | H116: 3.611 | I116: 2.601 | J116: 2.042 | K116: 1.29 | L116: 0.15 | M116: 0 | N116: 0 | O116: 0 | P116: 0 | Q116: 0 | R116: 0
A117: Gas works gas | B117: 60.404 | C117: 57.288 | D117: 44.885 | E117: 40.24 | F117: 35.296 | G117: 14.316 | H117: 3.611 | I117: 2.601 | J117: 2.042 | K117: 1.29 | L117: 0.15 | M117: 0 | N117: 0 | O117: 0 | P117: 0 | Q117: 0 | R117: 0
A118: Peat and peat products | B118: 300.161 | C118: 310.533 | D118: 296.853 | E118: 305.168 | F118: 294.023 | G118: 279.353 | H118: 267.143 | I118: 241.786 | J118: 244.019 | K118: 222.533 | L118: 218.594 | M118: 214.832 | N118: 207.446 | O118: 217.899 | P118: 201.62 | Q118: 203.098 | R118: 195.42
... A144: Heat | B144: 22254.138 | C144: 21313.442 | D144: 21659.582 | E144: 21413.184 | F144: 21360.257 | G144: 23677.195 | H144: 21267.579 | I144: 21519.539 | J144: 22623.038 | K144: 20186.481 | L144: 21084.388 | M144: 22096.583 | N144: 22151.031 | O144: 21103.143 | P144: 20857.857 | Q144: 20414.4 | R144: 22600.253
A146: Agriculture
B147: 2005 | C147: 2006 | D147: 2007 | E147: 2008 | F147: 2009 | G147: 2010 | H147: 2011 | I147: 2012 | J147: 2013 | K147: 2014 | L147: 2015 | M147: 2016 | N147: 2017 | O147: 2018 | P147: 2019 | Q147: 2020 | R147: 2021
A148: Total | B148: 26990.497 | C148: 25348.188 | D148: 24844.881 | E148: 24721.659 | F148: 24105.98 | G148: 25504.738 | H148: 24952.767 | I148: 24691.961 | J148: 25062.485 | K148: 24519.557 | L148: 24531.906 | M148: 24960.15 | N148: 25267.327 | O148: 27616.061 | P148: 28031.471 | Q148: 28418.591 | R148: 28450.803
A149: Solid fossil fuels | B149: 1043.565 | C149: 1209.92 | D149: 1076.872 | E149: 1186.942 | F149: 1149.67 | G149: 1260.453 | H149: 1106.261 | I149: 1145.482 | J149: 1133.271 | K149: 1069.946 | L149: 972.929 | M149: 1033.314 | N149: 1020.471 | O149: 957.841 | P149: 776.619 | Q149: 791.311 | R149: 655.799
...

Sheet 7 energy mix
A1: Residential | B1: Source | C1: Unit
A2: Historic | V2: absolute numbers (ktoe rather than %s) | AN2: absolute numbers (TWh rather than %s)
D3: 2005 | E3: 2006 | F3: 2007 | G3: 2008 | H3: 2009 | I3: 2010 | J3: 2011 | K3: 2012 | L3: 2013 | M3: 2014 | N3: 2015 | O3: 2016 | P3: 2017 | Q3: 2018 | R3: 2019 | S3: 2020 | T3: 2021 | V3: 2005 | W3: 2006 | X3: 2007 | Y3: 2008 | Z3: 2009 | AA3: 2010 | AB3: 2011 | AC3: 2012 | AD3: 2013 | AE3: 2014 | AF3: 2015 | AG3: 2016 | AH3: 2017 | AI3: 2018 | AJ3: 2019 | AK3: 2020 | AL3: 2021 | AN3: 2005 | AO3: 2006 | AP3: 2007 | AQ3: 2008 | AR3: 2009 | AS3: 2010 | AT3: 2011 | AU3: 2012 | AV3: 2013 | AW3: 2014 | AX3: 2015 | AY3: 2016 | AZ3: 2017 | BA3: 2018 | BB3: 2019 | BC3: 2020 | BD3: 2021
A4: Other fossils (liquid, solids, …) | B4: Eurostat (next sheet) | D4: =('Energy balances (for buildings)'!B108+'Energy balances (for buildings)'!B116+'Energy balances (for buildings)'!B118)/'Energy balances (for buildings)'!B107 -> 0.034687708 | E4: =('Energy balances (for buildings)'!C108+'Energy balances (for buildings)'!C116+'Energy balances (for buildings)'!C118)/'Energy balances (for buildings)'!C107 -> 0.038487759 | F4: =('Energy balances (for buildings)'!D108+'Energy balances (for buildings)'!D116+'Energy balances (for buildings)'!D118)/'Energy balances (for buildings)'!D107 -> 0.036766843 | G4: =('Energy balances (for buildings)'!E108+'Energy balances (for buildings)'!E116+'Energy balances (for buildings)'!E118)/'Energy balances (for buildings)'!E107 -> 0.036797738 | H4: =('Energy balances (for buildings)'!F108+'Energy balances (for buildings)'!F116+'Energy balances (for buildings)'!F118)/'Energy balances (for buildings)'!F107 -> 0.037649569 | I4: =('Energy balances (for buildings)'!G108+'Energy balances (for buildings)'!G116+'Energy balances (for buildings)'!G118)/'Energy balances (for buildings)'!G107 -> 0.040931419 | J4: =('Energy balances (for buildings)'!H108+'Energy balances (for buildings)'!H116+'Energy balances (for buildings)'!H118)/'Energy balances (for buildings)'!H107 -> 0.039305506 | K4: =('Energy balances (for buildings)'!I108+'Energy balances (for buildings)'!I116+'Energy balances (for buildings)'!I118)/'Energy balances (for buildings)'!I107 -> 0.038635246 | ... T4: =('Energy balances (for buildings)'!R108+'Energy balances (for buildings)'!R116+'Energy balances (for buildings)'!R118)/'Energy balances (for buildings)'!R107 -> 0.025325693 | V4: =('Energy balances (for buildings)'!B108+'Energy balances (for buildings)'!B116+'Energy balances (for buildings)'!B118) -> 9237.906 | W4: =('Energy balances (for buildings)'!C108+'Energy balances (for buildings)'!C116+'Energy balances (for buildings)'!C118) -> 10214.345 | X4: =('Energy balances (for buildings)'!D108+'Energy balances (for buildings)'!D116+'Energy balances (for buildings)'!D118) -> 9163.505 | Y4: =('Energy balances (for buildings)'!E108+'Energy balances (for buildings)'!E116+'Energy balances (for buildings)'!E118) -> 9724.203 | Z4: =('Energy balances (for buildings)'!F108+'Energy balances (for buildings)'!F116+'Energy balances (for buildings)'!F118) -> 9878.539 | AA4: =('Energy balances (for buildings)'!G108+'Energy balances (for buildings)'!G116+'Energy balances (for buildings)'!G118) -> 11416.98 | AB4: =('Energy balances (for buildings)'!H108+'Energy balances (for buildings)'!H116+'Energy balances (for buildings)'!H118) -> 9900.838 | AC4: =('Energy balances (for buildings)'!I108+'Energy balances (for buildings)'!I116+'Energy balances (for buildings)'!I118) -> 10161.539 | ... AL4: =('Energy balances (for buildings)'!R108+'Energy balances (for buildings)'!R116+'Energy balances (for buildings)'!R118) -> 6630.588 | AN4: =V4*ktoe2TWh -> 107.43685 | AO4: =W4*ktoe2TWh -> 118.79283 | AP4: =X4*ktoe2TWh -> 106.57156 | AQ4: =Y4*ktoe2TWh -> 113.09248 | AR4: =Z4*ktoe2TWh -> 114.88741 | AS4: =AA4*ktoe2TWh -> 132.77948 | AT4: =AB4*ktoe2TWh -> 115.14675 | AU4: =AC4*ktoe2TWh -> 118.1787 | ... BD4: =AL4*ktoe2TWh -> 77.113738
A5: Liquid fossils | B5: Eurostat (next sheet) | D5: ='Energy balances (for buildings)'!B122/'Energy balances (for buildings)'!B107 -> 0.19753402 | E5: ='Energy balances (for buildings)'!C122/'Energy balances (for buildings)'!C107 -> 0.19045081 | F5: ='Energy balances (for buildings)'!D122/'Energy balances (for buildings)'!D107 -> 0.15918544 | G5: ='Energy balances (for buildings)'!E122/'Energy balances (for buildings)'!E107 -> 0.17198555 | H5: ='Energy balances (for buildings)'!F122/'Energy balances (for buildings)'!F107 -> 0.15823113 | I5: ='Energy balances (for buildings)'!G122/'Energy balances (for buildings)'!G107 -> 0.14728832 | J5: ='Energy balances (for buildings)'!H122/'Energy balances (for buildings)'!H107 -> 0.14368584 | K5: ='Energy balances (for buildings)'!I122/'Energy balances (for buildings)'!I107 -> 0.1353623 | ... T5: ='Energy balances (for buildings)'!R122/'Energy balances (for buildings)'!R107 -> 0.09548178 | V5: ='Energy balances (for buildings)'!B122 -> 52606.552 | W5: ='Energy balances (for buildings)'!C122 -> 50544.129 | X5: ='Energy balances (for buildings)'!D122 -> 39674.239 | Y5: ='Energy balances (for buildings)'!E122 -> 45449.054 | Z5: ='Energy balances (for buildings)'!F122 -> 41516.874 | AA5: ='Energy balances (for buildings)'!G122 -> 41083.057 | AB5: ='Energy balances (for buildings)'!H122 -> 36193.663 | AC5: ='Energy balances (for buildings)'!I122 -> 35601.929 | ... AL5: ='Energy balances (for buildings)'!R122 -> 24998.342 | AN5: =V5*ktoe2TWh -> 611.8142 | AO5: =W5*ktoe2TWh -> 587.82822 | AP5: =X5*ktoe2TWh -> 461.4114 | AQ5: =Y5*ktoe2TWh -> 528.5725 | AR5: =Z5*ktoe2TWh -> 482.84124 | AS5: =AA5*ktoe2TWh -> 477.79595 | AT5: =AB5*ktoe2TWh -> 420.9323 | AU5: =AC5*ktoe2TWh -> 414.05043 | ... BD5: =AL5*ktoe2TWh -> 290.73072
A6: Natural gas | B6: Eurostat (next sheet) | D6: ='Energy balances (for buildings)'!B121/'Energy balances (for buildings)'!B107 -> 0.33390176 | E6: ='Energy balances (for buildings)'!C121/'Energy balances (for buildings)'!C107 -> 0.3283249 | F6: ='Energy balances (for buildings)'!D121/'Energy balances (for buildings)'!D107 -> 0.3214721 | G6: ='Energy balances (for buildings)'!E121/'Energy balances (for buildings)'!E107 -> 0.31763544 | H6: ='Energy balances (for buildings)'!F121/'Energy balances (for buildings)'!F107 -> 0.32293028 | I6: ='Energy balances (for buildings)'!G121/'Energy balances (for buildings)'!G107 -> 0.33047905 | J6: ='Energy balances (for buildings)'!H121/'Energy balances (for buildings)'!H107 -> 0.32065508 | K6: ='Energy balances (for buildings)'!I121/'Energy balances (for buildings)'!I107 -> 0.32341753 | ... T6: ='Energy balances (for buildings)'!R121/'Energy balances (for buildings)'!R107 -> 0.33500952 | V6: ='Energy balances (for buildings)'!B121 -> 88923.519 | W6: ='Energy balances (for buildings)'!C121 -> 87134.815 | X6: ='Energy balances (for buildings)'!D121 -> 80121.407 | Y6: ='Energy balances (for buildings)'!E121 -> 83938.626 | Z6: ='Energy balances (for buildings)'!F121 -> 84730.833 | AA6: ='Energy balances (for buildings)'!G121 -> 92180.353 | AB6: ='Energy balances (for buildings)'!H121 -> 80771.228 | AC6: ='Energy balances (for buildings)'!I121 -> 85062.74 | ... AL6: ='Energy balances (for buildings)'!R121 -> 87709.745 | AN6: =V6*ktoe2TWh -> 1034.1805 | AO6: =W6*ktoe2TWh -> 1013.3779 | AP6: =X6*ktoe2TWh -> 931.81196 | AQ6: =Y6*ktoe2TWh -> 976.20622 | AR6: =Z6*ktoe2TWh -> 985.41959 | AS6: =AA6*ktoe2TWh -> 1072.0575 | AT6: =AB6*ktoe2TWh -> 939.36938 | AU6: =AC6*ktoe2TWh -> 989.27967 | ... BD6: =AL6*ktoe2TWh -> 1020.0643
A7: Electricity | B7: Eurostat (next sheet) | D7: ='Energy balances (for buildings)'!B143/'Energy balances (for buildings)'!B107 -> 0.21604349 | E7: ='Energy balances (for buildings)'!C143/'Energy balances (for buildings)'!C107 -> 0.22206553 | F7: ='Energy balances (for buildings)'!D143/'Energy balances (for buildings)'!D107 -> 0.23486468 | G7: ='Energy balances (for buildings)'!E143/'Energy balances (for buildings)'!E107 -> 0.22649044 | H7: ='Energy balances (for buildings)'!F143/'Energy balances (for buildings)'!F107 -> 0.22925666 | I7: ='Energy balances (for buildings)'!G143/'Energy balances (for buildings)'!G107 -> 0.22506152 | J7: ='Energy balances (for buildings)'!H143/'Energy balances (for buildings)'!H107 -> 0.24028411 | K7: ='Energy balances (for buildings)'!I143/'Energy balances (for buildings)'!I107 -> 0.23501991 | ... T7: ='Energy balances (for buildings)'!R143/'Energy balances (for buildings)'!R107 -> 0.24546313 | V7: ='Energy balances (for buildings)'!B143 -> 57535.929 | W7: ='Energy balances (for buildings)'!C143 -> 58934.424 | X7: ='Energy balances (for buildings)'!D143 -> 58535.992 | Y7: ='Energy balances (for buildings)'!E143 -> 59852.566 | Z7: ='Energy balances (for buildings)'!F143 -> 60152.637 | AA7: ='Energy balances (for buildings)'!G143 -> 62776.295 | AB7: ='Energy balances (for buildings)'!H143 -> 60526.228 | AC7: ='Energy balances (for buildings)'!I143 -> 61813.091 | ... AL7: ='Energy balances (for buildings)'!R143 -> 64265.362 | AN7: =V7*ktoe2TWh -> 669.14285 | AO7: =W7*ktoe2TWh -> 685.40735 | AP7: =X7*ktoe2TWh -> 680.77359 | AQ7: =Y7*ktoe2TWh -> 696.08534 | AR7: =Z7*ktoe2TWh -> 699.57517 | AS7: =AA7*ktoe2TWh -> 730.08831 | AT7: =AB7*ktoe2TWh -> 703.92003 | AU7: =AC7*ktoe2TWh -> 718.88625 | ... BD7: =AL7*ktoe2TWh -> 747.40616
A8: District heating | B8: Eurostat (next sheet) | D8: ='Energy balances (for buildings)'!B144/'Energy balances (for buildings)'!B107 -> 0.083562772 | E8: ='Energy balances (for buildings)'!C144/'Energy balances (for buildings)'!C107 -> 0.080309273 | F8: ='Energy balances (for buildings)'!D144/'Energy balances (for buildings)'!D107 -> 0.086905006 | G8: ='Energy balances (for buildings)'!E144/'Energy balances (for buildings)'!E107 -> 0.081030469 | H8: ='Energy balances (for buildings)'!F144/'Energy balances (for buildings)'!F107 -> 0.081409252 | I8: ='Energy balances (for buildings)'!G144/'Energy balances (for buildings)'!G107 -> 0.084885951 | J8: ='Energy balances (for buildings)'!H144/'Energy balances (for buildings)'!H107 -> 0.084430525 | K8: ='Energy balances (for buildings)'!I144/'Energy balances (for buildings)'!I107 -> 0.081819563 | ... T8: ='Energy balances (for buildings)'!R144/'Energy balances (for buildings)'!R107 -> 0.08632222 | V8: ='Energy balances (for buildings)'!B144 -> 22254.138 | W8: ='Energy balances (for buildings)'!C144 -> 21313.442 | X8: ='Energy balances (for buildings)'!D144 -> 21659.582 | Y8: ='Energy balances (for buildings)'!E144 -> 21413.184 | Z8: ='Energy balances (for buildings)'!F144 -> 21360.257 | AA8: ='Energy balances (for buildings)'!G144 -> 23677.195 | AB8: ='Energy balances (for buildings)'!H144 -> 21267.579 | AC8: ='Energy balances (for buildings)'!I144 -> 21519.539 | ... AL8: ='Energy balances (for buildings)'!R144 -> 22600.253 | AN8: =V8*ktoe2TWh -> 258.81562 | AO8: =W8*ktoe2TWh -> 247.87533 | AP8: =X8*ktoe2TWh -> 251.90094 | AQ8: =Y8*ktoe2TWh -> 249.03533 | AR8: =Z8*ktoe2TWh -> 248.41979 | AS8: =AA8*ktoe2TWh -> 275.36578 | AT8: =AB8*ktoe2TWh -> 247.34194 | AU8: =AC8*ktoe2TWh -> 250.27224 | ... BD8: =AL8*ktoe2TWh -> 262.84094
A9: Renewables - bio | B9: Eurostat (next sheet) | D9: =('Energy balances (for buildings)'!B136+'Energy balances (for buildings)'!B137+'Energy balances (for buildings)'!B138+'Energy balances (for buildings)'!B139+'Energy balances (for buildings)'!B140+'Energy balances (for buildings)'!B141+'Energy balances (for buildings)'!B142)/'Energy balances (for buildings)'!B107 -> 0.13012534 | E9: =('Energy balances (for buildings)'!C136+'Energy balances (for buildings)'!C137+'Energy balances (for buildings)'!C138+'Energy balances (for buildings)'!C139+'Energy balances (for buildings)'!C140+'Energy balances (for buildings)'!C141+'Energy balances (for buildings)'!C142)/'Energy balances (for buildings)'!C107 -> 0.13512946 | F9: =('Energy balances (for buildings)'!D136+'Energy balances (for buildings)'!D137+'Energy balances (for buildings)'!D138+'Energy balances (for buildings)'!D139+'Energy balances (for buildings)'!D140+'Energy balances (for buildings)'!D141+'Energy balances (for buildings)'!D142)/'Energy balances (for buildings)'!D107 -> 0.15386201 | G9: =('Energy balances (for buildings)'!E136+'Energy balances (for buildings)'!E137+'Energy balances (for buildings)'!E138+'Energy balances (for buildings)'!E139+'Energy balances (for buildings)'!E140+'Energy balances (for buildings)'!E141+'Energy balances (for buildings)'!E142)/'Energy balances (for buildings)'!E107 -> 0.15775224 | H9: =('Energy balances (for buildings)'!F136+'Energy balances (for buildings)'!F137+'Energy balances (for buildings)'!F138+'Energy balances (for buildings)'!F139+'Energy balances (for buildings)'!F140+'Energy balances (for buildings)'!F141+'Energy balances (for buildings)'!F142)/'Energy balances (for buildings)'!F107 -> 0.1601163 | I9: =('Energy balances (for buildings)'!G136+'Energy balances (for buildings)'!G137+'Energy balances (for buildings)'!G138+'Energy balances (for buildings)'!G139+'Energy balances (for buildings)'!G140+'Energy balances (for buildings)'!G141+'Energy balances (for buildings)'!G142)/'Energy balances (for buildings)'!G107 -> 0.1595698 | J9: =('Energy balances (for buildings)'!H136+'Energy balances (for buildings)'!H137+'Energy balances (for buildings)'!H138+'Energy balances (for buildings)'!H139+'Energy balances (for buildings)'!H140+'Energy balances (for buildings)'!H141+'Energy balances (for buildings)'!H142)/'Energy balances (for buildings)'!H107 -> 0.15867276 | K9: =('Energy balances (for buildings)'!I136+'Energy balances (for buildings)'!I137+'Energy balances (for buildings)'!I138+'Energy balances (for buildings)'!I139+'Energy balances (for buildings)'!I140+'Energy balances (for buildings)'!I141+'Energy balances (for buildings)'!I142)/'Energy balances (for buildings)'!I107 -> 0.1716003 | ... T9: =('Energy balances (for buildings)'!R136+'Energy balances (for buildings)'!R137+'Energy balances (for buildings)'!R138+'Energy balances (for buildings)'!R139+'Energy balances (for buildings)'!R140+'Energy balances (for buildings)'!R141+'Energy balances (for buildings)'!R142)/'Energy balances (for buildings)'!R107 -> 0.17484867 | V9: =('Energy balances (for buildings)'!B136+'Energy balances (for buildings)'!B137+'Energy balances (for buildings)'!B138+'Energy balances (for buildings)'!B139+'Energy balances (for buildings)'!B140+'Energy balances (for buildings)'!B141+'Energy balances (for buildings)'!B142) -> 34654.515 | W9: =('Energy balances (for buildings)'!C136+'Energy balances (for buildings)'!C137+'Energy balances (for buildings)'!C138+'Energy balances (for buildings)'!C139+'Energy balances (for buildings)'!C140+'Energy balances (for buildings)'!C141+'Energy balances (for buildings)'!C142) -> 35862.283 | X9: =('Energy balances (for buildings)'!D136+'Energy balances (for buildings)'!D137+'Energy balances (for buildings)'!D138+'Energy balances (for buildings)'!D139+'Energy balances (for buildings)'!D140+'Energy balances (for buildings)'!D141+'Energy balances (for buildings)'!D142) -> 38347.466 | Y9: =('Energy balances (for buildings)'!E136+'Energy balances (for buildings)'!E137+'Energy balances (for buildings)'!E138+'Energy balances (for buildings)'!E139+'Energy balances (for buildings)'!E140+'Energy balances (for buildings)'!E141+'Energy balances (for buildings)'!E142) -> 41687.748 | Z9: =('Energy balances (for buildings)'!F136+'Energy balances (for buildings)'!F137+'Energy balances (for buildings)'!F138+'Energy balances (for buildings)'!F139+'Energy balances (for buildings)'!F140+'Energy balances (for buildings)'!F141+'Energy balances (for buildings)'!F142) -> 42011.506 | AA9: =('Energy balances (for buildings)'!G136+'Energy balances (for buildings)'!G137+'Energy balances (for buildings)'!G138+'Energy balances (for buildings)'!G139+'Energy balances (for buildings)'!G140+'Energy balances (for buildings)'!G141+'Energy balances (for buildings)'!G142) -> 44508.723 | AB9: =('Energy balances (for buildings)'!H136+'Energy balances (for buildings)'!H137+'Energy balances (for buildings)'!H138+'Energy balances (for buildings)'!H139+'Energy balances (for buildings)'!H140+'Energy balances (for buildings)'!H141+'Energy balances (for buildings)'!H142) -> 39968.785 | AC9: =('Energy balances (for buildings)'!I136+'Energy balances (for buildings)'!I137+'Energy balances (for buildings)'!I138+'Energy balances (for buildings)'!I139+'Energy balances (for buildings)'!I140+'Energy balances (for buildings)'!I141+'Energy balances (for buildings)'!I142) -> 45132.963 | ... AL9: =('Energy balances (for buildings)'!R136+'Energy balances (for buildings)'!R137+'Energy balances (for buildings)'!R138+'Energy balances (for buildings)'!R139+'Energy balances (for buildings)'!R140+'Energy balances (for buildings)'!R141+'Energy balances (for buildings)'!R142) -> 45777.601 | AN9: =V9*ktoe2TWh -> 403.03201 | AO9: =W9*ktoe2TWh -> 417.07835 | AP9: =X9*ktoe2TWh -> 445.98103 | AQ9: =Y9*ktoe2TWh -> 484.82851 | AR9: =Z9*ktoe2TWh -> 488.59381 | AS9: =AA9*ktoe2TWh -> 517.63645 | AT9: =AB9*ktoe2TWh -> 464.83697 | AU9: =AC9*ktoe2TWh -> 524.89636 | ... BD9: =AL9*ktoe2TWh -> 532.3935
A10: Renewables - other | B10: Eurostat (next sheet) | D10: =('Energy balances (for buildings)'!B133+'Energy balances (for buildings)'!B134+'Energy balances (for buildings)'!B135)/'Energy balances (for buildings)'!B107 -> 0.0041448853 | E10: =('Energy balances (for buildings)'!C133+'Energy balances (for buildings)'!C134+'Energy balances (for buildings)'!C135)/'Energy balances (for buildings)'!C107 -> 0.0052322895 | F10: =('Energy balances (for buildings)'!D133+'Energy balances (for buildings)'!D134+'Energy balances (for buildings)'!D135)/'Energy balances (for buildings)'!D107 -> 0.0069439483 | G10: =('Energy balances (for buildings)'!E133+'Energy balances (for buildings)'!E134+'Energy balances (for buildings)'!E135)/'Energy balances (for buildings)'!E107 -> 0.0083081117 | H10: =('Energy balances (for buildings)'!F133+'Energy balances (for buildings)'!F134+'Energy balances (for buildings)'!F135)/'Energy balances (for buildings)'!F107 -> 0.010406836 | I10: =('Energy balances (for buildings)'!G133+'Energy balances (for buildings)'!G134+'Energy balances (for buildings)'!G135)/'Energy balances (for buildings)'!G107 -> 0.011783906 | J10: =('Energy balances (for buildings)'!H133+'Energy balances (for buildings)'!H134+'Energy balances (for buildings)'!H135)/'Energy balances (for buildings)'!H107 -> 0.01296619 | K10: =('Energy balances (for buildings)'!I133+'Energy balances (for buildings)'!I134+'Energy balances (for buildings)'!I135)/'Energy balances (for buildings)'!I107 -> 0.014145157 | ... T10: =('Energy balances (for buildings)'!R133+'Energy balances (for buildings)'!R134+'Energy balances (for buildings)'!R135)/'Energy balances (for buildings)'!R107 -> 0.037548982 | V10: =('Energy balances (for buildings)'!B133+'Energy balances (for buildings)'!B134+'Energy balances (for buildings)'!B135) -> 1103.851 | W10: =('Energy balances (for buildings)'!C133+'Energy balances (for buildings)'!C134+'Energy balances (for buildings)'!C135) -> 1388.608 | X10: =('Energy balances (for buildings)'!D133+'Energy balances (for buildings)'!D134+'Energy balances (for buildings)'!D135) -> 1730.66 | Y10: =('Energy balances (for buildings)'!E133+'Energy balances (for buildings)'!E134+'Energy balances (for buildings)'!E135) -> 2195.509 | Z10: =('Energy balances (for buildings)'!F133+'Energy balances (for buildings)'!F134+'Energy balances (for buildings)'!F135) -> 2730.558 | AA10: =('Energy balances (for buildings)'!G133+'Energy balances (for buildings)'!G134+'Energy balances (for buildings)'!G135) -> 3286.879 | AB10: =('Energy balances (for buildings)'!H133+'Energy balances (for buildings)'!H134+'Energy balances (for buildings)'!H135) -> 3266.111 | AC10: =('Energy balances (for buildings)'!I133+'Energy balances (for buildings)'!I134+'Energy balances (for buildings)'!I135) -> 3720.348 | ... AL10: =('Energy balances (for buildings)'!R133+'Energy balances (for buildings)'!R134+'Energy balances (for buildings)'!R135) -> 9830.8 | AN10: =V10*ktoe2TWh -> 12.837787 | AO10: =W10*ktoe2TWh -> 16.149511 | AP10: =X10*ktoe2TWh -> 20.127576 | AQ10: =Y10*ktoe2TWh -> 25.53377 | AR10: =Z10*ktoe2TWh -> 31.75639 | AS10: =AA10*ktoe2TWh -> 38.226403 | AT10: =AB10*ktoe2TWh -> 37.984871 | AU10: =AC10*ktoe2TWh -> 43.267647 | ... BD10: =AL10*ktoe2TWh -> 114.3322
A12: CTP scenarios (source: CTP impact assessment part 2 figure 55)
A13: MIX
N14: 2015 | AC14: 2030 | AD14: 2031 | AE14: 2032 | AF14: 2033 | AG14: 2034 | AH14: 2035 | AI14: 2036 | AJ14: 2037 | AK14: 2038 | AL14: 2039 | AM14: 2040 | AN14: 2041 | AO14: 2042 | AP14: 2043 | AQ14: 2044 | AR14: 2045 | AS14: 2046 | AT14: 2047 | AU14: 2048 | AV14: 2049 | AW14: 2050
A15: Coal | B15: CTP | N15: 8.451166 | AC15: 0.24901519 | AW15: 0
A16: Oil | B16: CTP | N16: 31.966492 | AC16: 5.8139191 | AW16: 0.048092689
A17: Natural gas | B17: CTP | N17: 75.6943 | AC17: 42.053372 | AW17: 1.9875027
A18: e-gas | B18: CTP | N18: 0 | AC18: 0 | AW18: 13.099554
A19: Hydrogen | B19: CTP | N19: 0 | AC19: 0 | AW19: 3.5004626
A20: Heat distributed | B20: CTP | N20: 21.131826 | AC20: 19.711284 | AW20: 16.66168
A21: Bioenergy | B21: CTP | N21: 42.015706 | AC21: 36.038488 | AW21: 31.262539
A22: Other RES | B22: CTP | N22: 5.219214 | AC22: 24.045357 | AW22: 32.797224
A23: Electricity | B23: CTP | N23: 59.380578 | AC23: 74.118931 | AW23: 77.17591
A24: Coal | B24: CTP | N24: =N15/SUM(N$15:N$23) -> 0.034655913 | AC24: =AC15/SUM(AC$15:AC$23) -> 0.0012325632 | AW24: =AW15/SUM(AW$15:AW$23) -> 0
A25: Oil | B25: CTP | N25: =N16/SUM(N$15:N$23) -> 0.13108581 | AC25: =AC16/SUM(AC$15:AC$23) -> 0.028777452 | AW25: =AW16/SUM(AW$15:AW$23) -> 0.00027242894
A26: Natural gas | B26: CTP | N26: =N17/SUM(N$15:N$23) -> 0.31040155 | AC26: =AC17/SUM(AC$15:AC$23) -> 0.20815372 | AW26: =AW17/SUM(AW$15:AW$23) -> 0.011258536
A27: e-gas | B27: CTP | N27: =N18/SUM(N$15:N$23) -> 0 | AC27: =AC18/SUM(AC$15:AC$23) -> 0 | AW27: =AW18/SUM(AW$15:AW$23) -> 0.074204575
A28: Hydrogen | B28: CTP | N28: =N19/SUM(N$15:N$23) -> 0 | AC28: =AC19/SUM(AC$15:AC$23) -> 0 | AW28: =AW19/SUM(AW$15:AW$23) -> 0.019828946
A29: Heat distributed | B29: CTP | N29: =N20/SUM(N$15:N$23) -> 0.08665582 | AC29: =AC20/SUM(AC$15:AC$23) -> 0.097565946 | AW29: =AW20/SUM(AW$15:AW$23) -> 0.094382827
A30: Bioenergy | B30: CTP | N30: =N21/SUM(N$15:N$23) -> 0.17229488 | AC30: =AC21/SUM(AC$15:AC$23) -> 0.17838154 | AW30: =AW21/SUM(AW$15:AW$23) -> 0.17709179
A31: Other RES | B31: CTP | N31: =N22/SUM(N$15:N$23) -> 0.021402564 | AC31: =AC22/SUM(AC$15:AC$23) -> 0.11901853 | AW31: =AW22/SUM(AW$15:AW$23) -> 0.18578527
A32: Electricity | B32: CTP | N32: =N23/SUM(N$15:N$23) -> 0.24350346 | AC32: =AC23/SUM(AC$15:AC$23) -> 0.36687025 | AW32: =AW23/SUM(AW$15:AW$23) -> 0.43717563
A34: REG
N35: 2015 | AC35: 2030
A36: Coal | B36: CTP | N36: 8.451166 | AC36: 0.23366072 | AW36: 0.0039723358
A37: Oil | B37: CTP | N37: 31.966492 | AC37: 5.2296399 | AW37: 0.15391439
A38: Natural gas | B38: CTP | N38: 75.6943 | AC38: 40.654351 | AW38: 1.7109644
A39: e-gas | B39: CTP | N39: 0 | AC39: 0 | AW39: 11.089858
A40: Hydrogen | B40: CTP | N40: 0 | AC40: 0 | AW40: 2.9634316
A41: Heat distributed | B41: CTP | N41: 21.131826 | AC41: 17.431606 | AW41: 12.96987
A42: Bioenergy | B42: CTP | N42: 42.015706 | AC42: 32.219074 | AW42: 24.41194
A43: Other RES | B43: CTP | N43: 5.219214 | AC43: 29.162638 | AW43: 36.127437
A44: Electricity | B44: CTP | N44: 59.380578 | AC44: 73.949697 | AW44: 78.315602
A45: Coal | B45: CTP | N45: =N36/SUM(N$36:N$44) -> 0.034655913 | AC45: =AC36/SUM(AC$36:AC$44) -> 0.001174879 | AW45: =AW36/SUM(AW$36:AW$44) -> 2.3680519e-05
A46: Oil | B46: CTP | N46: =N37/SUM(N$36:N$44) -> 0.13108581 | AC46: =AC37/SUM(AC$36:AC$44) -> 0.026295366 | AW46: =AW37/SUM(AW$36:AW$44) -> 0.00091753892
A47: Natural gas | B47: CTP | N47: =N38/SUM(N$36:N$44) -> 0.31040155 | AC47: =AC38/SUM(AC$36:AC$44) -> 0.2044158 | AW47: =AW38/SUM(AW$36:AW$44) -> 0.010199673
A48: e-gas | B48: CTP | N48: =N39/SUM(N$36:N$44) -> 0 | AC48: =AC39/SUM(AC$36:AC$44) -> 0 | AW48: =AW39/SUM(AW$36:AW$44) -> 0.066110622
A49: Hydrogen | B49: CTP | N49: =N40/SUM(N$36:N$44) -> 0 | AC49: =AC40/SUM(AC$36:AC$44) -> 0 | AW49: =AW40/SUM(AW$36:AW$44) -> 0.017666079
A50: Heat distributed | B50: CTP | N50: =N41/SUM(N$36:N$44) -> 0.08665582 | AC50: =AC41/SUM(AC$36:AC$44) -> 0.087648572 | AW50: =AW41/SUM(AW$36:AW$44) -> 0.077318052
A51: Bioenergy | B51: CTP | N51: =N42/SUM(N$36:N$44) -> 0.17229488 | AC51: =AC42/SUM(AC$36:AC$44) -> 0.16200204 | AW51: =AW42/SUM(AW$36:AW$44) -> 0.14552833
A52: Other RES | B52: CTP | N52: =N43/SUM(N$36:N$44) -> 0.021402564 | AC52: =AC43/SUM(AC$36:AC$44) -> 0.14663385 | AW52: =AW43/SUM(AW$36:AW$44) -> 0.21536861
A53: Electricity | B53: CTP | N53: =N44/SUM(N$36:N$44) -> 0.24350346 | AC53: =AC44/SUM(AC$36:AC$44) -> 0.37182949 | AW53: =AW44/SUM(AW$36:AW$44) -> 0.46686741
A55: CPRICE
N56: 2015 | AC56: 2030
A57: Coal | B57: CTP | N57: 8.451166 | AC57: 0.52973623 | AW57: 0
A58: Oil | B58: CTP | N58: 31.966492 | AC58: 5.6566097 | AW58: 0.048521034
A59: Natural gas | B59: CTP | N59: 75.6943 | AC59: 43.095779 | AW59: 2.3322104
A60: e-gas | B60: CTP | N60: 0 | AC60: 0 | AW60: 15.908126
A61: Hydrogen | B61: CTP | N61: 0 | AC61: 0 | AW61: 4.2509691
A62: Heat distributed | B62: CTP | N62: 21.131826 | AC62: 21.33868 | AW62: 20.459792
A63: Bioenergy | B63: CTP | N63: 42.015706 | AC63: 35.870347 | AW63: 33.086555
A64: Other RES | B64: CTP | N64: 5.219214 | AC64: 23.594476 | AW64: 33.782365
A65: Electricity | B65: CTP | N65: 59.380578 | AC65: 76.808643 | AW65: 82.931388
A66: Coal | B66: CTP | N66: =N57/SUM(N$57:N$65) -> 0.034655913 | AC66: =AC57/SUM(AC$57:AC$65) -> 0.00256042 | AW66: =AW57/SUM(AW$57:AW$65) -> 0
A67: Oil | B67: CTP | N67: =N58/SUM(N$57:N$65) -> 0.13108581 | AC67: =AC58/SUM(AC$57:AC$65) -> 0.027340582 | AW67: =AW58/SUM(AW$57:AW$65) -> 0.00025166521
A68: Natural gas | B68: CTP | N68: =N59/SUM(N$57:N$65) -> 0.31040155 | AC68: =AC59/SUM(AC$57:AC$65) -> 0.20829856 | AW68: =AW59/SUM(AW$57:AW$65) -> 0.012096532
A69: e-gas | B69: CTP | N69: =N60/SUM(N$57:N$65) -> 0 | AC69: =AC60/SUM(AC$57:AC$65) -> 0 | AW69: =AW60/SUM(AW$57:AW$65) -> 0.082511057
A70: Hydrogen | B70: CTP | N70: =N61/SUM(N$57:N$65) -> 0 | AC70: =AC61/SUM(AC$57:AC$65) -> 0 | AW70: =AW61/SUM(AW$57:AW$65) -> 0.022048603
A71: Heat distributed | B71: CTP | N71: =N62/SUM(N$57:N$65) -> 0.08665582 | AC71: =AC62/SUM(AC$57:AC$65) -> 0.10313809 | AW71: =AW62/SUM(AW$57:AW$65) -> 0.10611929
A72: Bioenergy | B72: CTP | N72: =N63/SUM(N$57:N$65) -> 0.17229488 | AC72: =AC63/SUM(AC$57:AC$65) -> 0.17337526 | AW72: =AW63/SUM(AW$57:AW$65) -> 0.17161083
A73: Other RES | B73: CTP | N73: =N64/SUM(N$57:N$65) -> 0.021402564 | AC73: =AC64/SUM(AC$57:AC$65) -> 0.11404122 | AW73: =AW64/SUM(AW$57:AW$65) -> 0.1752198
A74: Electricity | B74: CTP | N74: =N65/SUM(N$57:N$65) -> 0.24350346 | AC74: =AC65/SUM(AC$57:AC$65) -> 0.37124587 | AW74: =AW65/SUM(AW$57:AW$65) -> 0.43014222
A77: Historic vs required
D78: 2005 | E78: 2006 | F78: 2007 | G78: 2008 | H78: 2009 | I78: 2010 | J78: 2011 | K78: 2012 | L78: 2013 | M78: 2014 | N78: 2015 | O78: 2016 | P78: 2017 | Q78: 2018 | R78: 2019 | S78: 2020 | T78: 2021 | U78: 2022 | V78: 2023 | W78: 2024 | X78: 2025 | Y78: 2026 | Z78: 2027 | AA78: 2028 | AB78: 2029 | AC78: 2030 | AH78: =AH14 -> 2035 | AM78: =AM14 -> 2040 | AR78: =AR14 -> 2045 | AW78: =AW14 -> 2050
D79: 2005 | I79: 2010 | N79: 2015 | S79: 2020 | X79: 2025 | AC79: 2030
A80: Natural gas | D80: =D6 -> 0.33390176 | E80: =E6 -> 0.3283249 | F80: =F6 -> 0.3214721 | G80: =G6 -> 0.31763544 | H80: =H6 -> 0.32293028 | I80: =I6 -> 0.33047905 | J80: =J6 -> 0.32065508 | K80: =K6 -> 0.32341753 | ... T80: =T6 -> 0.33500952 | AI80: Annual decrease in fossil fuels
A81: Other fossil fuels | D81: =D4+D5 -> 0.23222173 | E81: =E4+E5 -> 0.22893857 | F81: =F4+F5 -> 0.19595228 | G81: =G4+G5 -> 0.20878328 | H81: =H4+H5 -> 0.1958807 | I81: =I4+I5 -> 0.18821974 | J81: =J4+J5 -> 0.18299135 | K81: =K4+K5 -> 0.17399754 | ... T81: =T4+T5 -> 0.12080747 | AI81: 2017 | AJ81: 2018 | AK81: 2019 | AL81: 2020 | AM81: 2021 | AN81: 2022-2030 required
A82: Electricity | D82: =D7 -> 0.21604349 | E82: =E7 -> 0.22206553 | F82: =F7 -> 0.23486468 | G82: =G7 -> 0.22649044 | H82: =H7 -> 0.22925666 | I82: =I7 -> 0.22506152 | J82: =J7 -> 0.24028411 | K82: =K7 -> 0.23501991 | ... T82: =T7 -> 0.24546313 | AI82: =(P80+P81)-(O80+O81) -> -0.0055139834 | AJ82: =(Q80+Q81)-(P80+P81) -> -0.0091317715 | AK82: =(R80+R81)-(Q80+Q81) -> -0.0045286017 | AL82: =(S80+S81)-(R80+R81) -> 0.002188931 | AM82: =(T80+T81)-(S80+S81) -> -0.011625575
A83: District heating | D83: =D8 -> 0.083562772 | E83: =E8 -> 0.080309273 | F83: =F8 -> 0.086905006 | G83: =G8 -> 0.081030469 | H83: =H8 -> 0.081409252 | I83: =I8 -> 0.084885951 | J83: =J8 -> 0.084430525 | K83: =K8 -> 0.081819563 | ... T83: =T8 -> 0.08632222 | AN83: =((AC92+AC93)-(T80+T81))/9 -> -0.024481414
A84: Biomass | D84: =D9 -> 0.13012534 | E84: =E9 -> 0.13512946 | F84: =F9 -> 0.15386201 | G84: =G9 -> 0.15775224 | H84: =H9 -> 0.1601163 | I84: =I9 -> 0.1595698 | J84: =J9 -> 0.15867276 | K84: =K9 -> 0.1716003 | ... T84: =T9 -> 0.17484867
A85: Other renewables | D85: =D10 -> 0.0041448853 | E85: =E10 -> 0.0052322895 | F85: =F10 -> 0.0069439483 | G85: =G10 -> 0.0083081117 | H85: =H10 -> 0.010406836 | I85: =I10 -> 0.011783906 | J85: =J10 -> 0.01296619 | K85: =K10 -> 0.014145157 | ... T85: =T10 -> 0.037548982 | AH85: Trend | AI85: Benchmark
A86: Natural gas trend (2011-2021 extrapolated) | D86: =D80 -> 0.33390176 | E86: =E80 -> 0.3283249 | F86: =F80 -> 0.3214721 | G86: =G80 -> 0.31763544 | H86: =H80 -> 0.32293028 | I86: =I80 -> 0.33047905 | J86: =J80 -> 0.32065508 | K86: =K80 -> 0.32341753 | ... T86: =T80 -> 0.33500952 | U86: {=TREND($J80:$T80,$J$78:$T$78,U$78)} -> 0.32530209 | V86: {=TREND($J80:$T80,$J$78:$T$78,V$78)} -> 0.32604845 | W86: {=TREND($J80:$T80,$J$78:$T$78,W$78)} -> 0.3267948 | X86: {=TREND($J80:$T80,$J$78:$T$78,X$78)} -> 0.32754116 | Y86: {=TREND($J80:$T80,$J$78:$T$78,Y$78)} -> 0.32828752 | Z86: {=TREND($J80:$T80,$J$78:$T$78,Z$78)} -> 0.32903388 | AA86: {=TREND($J80:$T80,$J$78:$T$78,AA$78)} -> 0.32978024 | AB86: {=TREND($J80:$T80,$J$78:$T$78,AB$78)} -> 0.33052659 | AC86: {=TREND($J80:$T80,$J$78:$T$78,AC$78)} -> 0.33127295 | AG86: Natural gas | AH86: =AC86 -> 0.33127295 | AI86: =AC92 -> 0.20635718
A87: Other fossil fuels trend (2011-2021 extrapolated) | D87: =D81 -> 0.23222173 | E87: =E81 -> 0.22893857 | F87: =F81 -> 0.19595228 | G87: =G81 -> 0.20878328 | H87: =H81 -> 0.1958807 | I87: =I81 -> 0.18821974 | J87: =J81 -> 0.18299135 | K87: =K81 -> 0.17399754 | ... T87: =T81 -> 0.12080747 | U87: {=TREND($J81:$T81,$J$78:$T$78,U$78)} -> 0.12887874 | V87: {=TREND($J81:$T81,$J$78:$T$78,V$78)} -> 0.12395078 | W87: {=TREND($J81:$T81,$J$78:$T$78,W$78)} -> 0.11902282 | X87: {=TREND($J81:$T81,$J$78:$T$78,X$78)} -> 0.11409486 | Y87: {=TREND($J81:$T81,$J$78:$T$78,Y$78)} -> 0.1091669 | Z87: {=TREND($J81:$T81,$J$78:$T$78,Z$78)} -> 0.10423894 | AA87: {=TREND($J81:$T81,$J$78:$T$78,AA$78)} -> 0.099310982 | AB87: {=TREND($J81:$T81,$J$78:$T$78,AB$78)} -> 0.094383022 | AC87: {=TREND($J81:$T81,$J$78:$T$78,AC$78)} -> 0.089455062 | AG87: Other fossils | AH87: =AC87 -> 0.089455062 | AI87: =AC93 -> 0.029127087
A88: Electricity trend (2011-2021 extrapolated) | D88: =D82 -> 0.21604349 | E88: =E82 -> 0.22206553 | F88: =F82 -> 0.23486468 | G88: =G82 -> 0.22649044 | H88: =H82 -> 0.22925666 | I88: =I82 -> 0.22506152 | J88: =J82 -> 0.24028411 | K88: =K82 -> 0.23501991 | ... T88: =T82 -> 0.24546313 | U88: {=TREND($J82:$T82,$J$78:$T$78,U$78)} -> 0.24726423 | V88: {=TREND($J82:$T82,$J$78:$T$78,V$78)} -> 0.2481455 | W88: {=TREND($J82:$T82,$J$78:$T$78,W$78)} -> 0.24902677 | X88: {=TREND($J82:$T82,$J$78:$T$78,X$78)} -> 0.24990805 | Y88: {=TREND($J82:$T82,$J$78:$T$78,Y$78)} -> 0.25078932 | Z88: {=TREND($J82:$T82,$J$78:$T$78,Z$78)} -> 0.2516706 | AA88: {=TREND($J82:$T82,$J$78:$T$78,AA$78)} -> 0.25255187 | AB88: {=TREND($J82:$T82,$J$78:$T$78,AB$78)} -> 0.25343315 | AC88: {=TREND($J82:$T82,$J$78:$T$78,AC$78)} -> 0.25431442 | AG88: Electricity | AH88: =AC88 -> 0.25431442 | AI88: =AC94 -> 0.37153768
A89: District heating trend (2011-2021 extrapolated) | D89: =D83 -> 0.083562772 | E89: =E83 -> 0.080309273 | F89: =F83 -> 0.086905006 | G89: =G83 -> 0.081030469 | H89: =H83 -> 0.081409252 | I89: =I83 -> 0.084885951 | J89: =J83 -> 0.084430525 | K89: =K83 -> 0.081819563 | ... T89: =T83 -> 0.08632222 | U89: {=TREND($J83:$T83,$J$78:$T$78,U$78)} -> 0.085535966 | V89: {=TREND($J83:$T83,$J$78:$T$78,V$78)} -> 0.085601593 | W89: {=TREND($J83:$T83,$J$78:$T$78,W$78)} -> 0.085667219 | X89: {=TREND($J83:$T83,$J$78:$T$78,X$78)} -> 0.085732845 | Y89: {=TREND($J83:$T83,$J$78:$T$78,Y$78)} -> 0.085798472 | Z89: {=TREND($J83:$T83,$J$78:$T$78,Z$78)} -> 0.085864098 | AA89: {=TREND($J83:$T83,$J$78:$T$78,AA$78)} -> 0.085929724 | AB89: {=TREND($J83:$T83,$J$78:$T$78,AB$78)} -> 0.085995351 | AC89: {=TREND($J83:$T83,$J$78:$T$78,AC$78)} -> 0.086060977 | AG89: District heating | AH89: =AC89 -> 0.086060977 | AI89: =AC95 -> 0.096117536
A90: Biomass trend (2011-2021 extrapolated) | D90: =D84 -> 0.13012534 | E90: =E84 -> 0.13512946 | F90: =F84 -> 0.15386201 | G90: =G84 -> 0.15775224 | H90: =H84 -> 0.1601163 | I90: =I84 -> 0.1595698 | J90: =J84 -> 0.15867276 | K90: =K84 -> 0.1716003 | ... T90: =T84 -> 0.17484867 | U90: {=TREND($J84:$T84,$J$78:$T$78,U$78)} -> 0.17440537 | V90: {=TREND($J84:$T84,$J$78:$T$78,V$78)} -> 0.17516401 | W90: {=TREND($J84:$T84,$J$78:$T$78,W$78)} -> 0.17592265 | X90: {=TREND($J84:$T84,$J$78:$T$78,X$78)} -> 0.17668129 | Y90: {=TREND($J84:$T84,$J$78:$T$78,Y$78)} -> 0.17743993 | Z90: {=TREND($J84:$T84,$J$78:$T$78,Z$78)} -> 0.17819857 | AA90: {=TREND($J84:$T84,$J$78:$T$78,AA$78)} -> 0.17895721 | AB90: {=TREND($J84:$T84,$J$78:$T$78,AB$78)} -> 0.17971585 | AC90: {=TREND($J84:$T84,$J$78:$T$78,AC$78)} -> 0.18047449 | AG90: Biomass | AH90: =AC90 -> 0.18047449 | AI90: =AC96 -> 0.17125294
A91: Other renewables trend (2011-2021 extrapolated) | D91: =D85 -> 0.0041448853 | E91: =E85 -> 0.0052322895 | F91: =F85 -> 0.0069439483 | G91: =G85 -> 0.0083081117 | H91: =H85 -> 0.010406836 | I91: =I85 -> 0.011783906 | J91: =J85 -> 0.01296619 | K91: =K85 -> 0.014145157 | ... T91: =T85 -> 0.037548982 | U91: {=TREND($J85:$T85,$J$78:$T$78,U$78)} -> 0.03861357 | V91: {=TREND($J85:$T85,$J$78:$T$78,V$78)} -> 0.041089628 | W91: {=TREND($J85:$T85,$J$78:$T$78,W$78)} -> 0.043565686 | X91: {=TREND($J85:$T85,$J$78:$T$78,X$78)} -> 0.046041744 | Y91: {=TREND($J85:$T85,$J$78:$T$78,Y$78)} -> 0.048517802 | Z91: {=TREND($J85:$T85,$J$78:$T$78,Z$78)} -> 0.05099386 | AA91: {=TREND($J85:$T85,$J$78:$T$78,AA$78)} -> 0.053469918 | AB91: {=TREND($J85:$T85,$J$78:$T$78,AB$78)} -> 0.055945975 | AC91: {=TREND($J85:$T85,$J$78:$T$78,AC$78)} -> 0.058422033 | AG91: Other renewables | AH91: =AC91 -> 0.058422033 | AI91: =AC97 -> 0.12656453
A92: Natural gas - CTP | AC92: =AVERAGE(AC47,AC68) -> 0.20635718 | AW92: =AVERAGE(AW47,AW68) -> 0.011148102
A93: Other fossils - CTP | AC93: =AVERAGE(AC67+AC66,AC45+AC46,AC24+AC25) -> 0.029127087 | AW93: =AVERAGE(AW67+AW66,AW45+AW46,AW24+AW25) -> 0.00048843786
A94: Electricity - CTP | AC94: =AVERAGE(AC74,AC53,AC347) -> 0.37153768 | AW94: =AVERAGE(AW74,AW53,AW347) -> 0.44850481
A95: District heating - CTP | AC95: =AVERAGE(AC71,AC50,AC29) -> 0.096117536 | AW95: =AVERAGE(AW71,AW50,AW29) -> 0.092606724
A96: Biomass - CTP | AC96: =AVERAGE(AC72,AC51,AC30) -> 0.17125294 | AW96: =AVERAGE(AW72,AW51,AW30) -> 0.16474365
A97: Other renewables - CTP | AC97: =AVERAGE(AC73,AC52,AC31) -> 0.12656453 | AW97: =AVERAGE(AW73,AW52,AW31) -> 0.19212456
A98: Share fossils | D98: =D80+D81 -> 0.56612348 | E98: =E80+E81 -> 0.55726346 | F98: =F80+F81 -> 0.51742438 | G98: =G80+G81 -> 0.52641873 | H98: =H80+H81 -> 0.51881098 | I98: =I80+I81 -> 0.51869879 | J98: =J80+J81 -> 0.50364642 | K98: =K80+K81 -> 0.49741508 | ... T98: =T80+T81 -> 0.455817
A99: Share electricity | D99: =D82 -> 0.21604349 | E99: =E82 -> 0.22206553 | F99: =F82 -> 0.23486468 | G99: =G82 -> 0.22649044 | H99: =H82 -> 0.22925666 | I99: =I82 -> 0.22506152 | J99: =J82 -> 0.24028411 | K99: =K82 -> 0.23501991 | ... T99: =T82 -> 0.24546313
A100: Share renewables & district heating | D100: =D85+D84+D83 -> 0.217833 | E100: =E85+E84+E83 -> 0.22067102 | F100: =F85+F84+F83 -> 0.24771096 | G100: =G85+G84+G83 -> 0.24709082 | H100: =H85+H84+H83 -> 0.25193239 | I100: =I85+I84+I83 -> 0.25623966 | J100: =J85+J84+J83 -> 0.25606948 | K100: =K85+K84+K83 -> 0.26756502 | ... T100: =T85+T84+T83 -> 0.29871987
A101: Benchmark fossils | C101: MIX | AC101: =AC24+AC25+AC26 -> 0.23816373 | AW101: =AW24+AW25+AW26 -> 0.011530965
A102: Benchmark electricity | C102: MIX | AC102: =AC32 -> 0.36687025 | AW102: =AW32 -> 0.43717563
A103: Benchmark renewables & district heating | C103: MIX | AC103: =AC31+AC30+AC29 -> 0.39496602 | AW103: =AW31+AW30+AW29 -> 0.45725989
AB110: 2017-2021 | AC110: 2022-2030 | AD110: 2031-2040
AA111: Residential | AB111: =(T80+T81-P80-P81)/4 -> -0.0057742543 | AC111: =(AC92+AC93-T80-T81)/9 -> -0.024481414 | AD111: =(AW92-AC92-AC93)/20 -> -0.011216808
...
